# Blender 4.0.2
# www.blender.org
mtllib uv-sphere-64.mtl
o Sphere
v 0.000000 0.995185 -0.098017
v 0.000000 0.980785 -0.195090
v 0.000000 0.956940 -0.290285
v 0.000000 0.881921 -0.471397
v 0.000000 0.471397 -0.881921
v 0.000000 0.382683 -0.923880
v 0.000000 0.290285 -0.956940
v 0.000000 0.098017 -0.995185
v 0.000000 0.000000 -1.000000
v 0.000000 -0.098017 -0.995185
v 0.000000 -0.290285 -0.956940
v 0.000000 -0.382683 -0.923880
v 0.000000 -0.471397 -0.881921
v 0.000000 -0.956940 -0.290285
v 0.000000 -0.995185 -0.098017
v 0.009607 0.995185 -0.097545
v 0.019122 0.980785 -0.194151
v 0.028453 0.956940 -0.288887
v 0.037510 0.923880 -0.380841
v 0.046205 0.881921 -0.469127
v 0.054455 0.831470 -0.552895
v 0.062181 0.773010 -0.631339
v 0.069309 0.707107 -0.703702
v 0.075768 0.634393 -0.769288
v 0.081498 0.555570 -0.827466
v 0.086443 0.471397 -0.877675
v 0.090556 0.382683 -0.919431
v 0.093797 0.290285 -0.952332
v 0.096134 0.195090 -0.976062
v 0.097545 0.098017 -0.990393
v 0.098017 0.000000 -0.995185
v 0.097545 -0.098017 -0.990393
v 0.096134 -0.195090 -0.976062
v 0.093797 -0.290285 -0.952332
v 0.090556 -0.382683 -0.919431
v 0.086443 -0.471397 -0.877675
v 0.081498 -0.555570 -0.827466
v 0.075768 -0.634393 -0.769288
v 0.069309 -0.707107 -0.703702
v 0.062181 -0.773010 -0.631339
v 0.054455 -0.831470 -0.552895
v 0.046205 -0.881921 -0.469127
v 0.037510 -0.923880 -0.380841
v 0.028453 -0.956940 -0.288887
v 0.019122 -0.980785 -0.194151
v 0.009607 -0.995185 -0.097545
v 0.019122 0.995185 -0.096134
v 0.038060 0.980785 -0.191342
v 0.056632 0.956940 -0.284707
v 0.074658 0.923880 -0.375330
v 0.091965 0.881921 -0.462339
v 0.108386 0.831470 -0.544895
v 0.123764 0.773010 -0.622204
v 0.137950 0.707107 -0.693520
v 0.150807 0.634393 -0.758157
v 0.162212 0.555570 -0.815493
v 0.172054 0.471397 -0.864975
v 0.180240 0.382683 -0.906127
v 0.186690 0.290285 -0.938553
v 0.191342 0.195090 -0.961940
v 0.194151 0.098017 -0.976062
v 0.195090 0.000000 -0.980785
v 0.194151 -0.098017 -0.976062
v 0.191342 -0.195090 -0.961940
v 0.186690 -0.290285 -0.938553
v 0.180240 -0.382683 -0.906127
v 0.172054 -0.471397 -0.864975
v 0.162212 -0.555570 -0.815493
v 0.150807 -0.634393 -0.758157
v 0.137950 -0.707107 -0.693520
v 0.123764 -0.773010 -0.622204
v 0.108386 -0.831470 -0.544895
v 0.091965 -0.881921 -0.462339
v 0.074658 -0.923880 -0.375330
v 0.056632 -0.956940 -0.284707
v 0.038060 -0.980785 -0.191342
v 0.019122 -0.995185 -0.096134
v 0.028453 0.995185 -0.093797
v 0.056632 0.980785 -0.186690
v 0.084265 0.956940 -0.277785
v 0.111087 0.923880 -0.366205
v 0.136839 0.881921 -0.451099
v 0.161274 0.831470 -0.531648
v 0.184155 0.773010 -0.607077
v 0.205262 0.707107 -0.676659
v 0.224393 0.634393 -0.739725
v 0.241363 0.555570 -0.795667
v 0.256008 0.471397 -0.843946
v 0.268188 0.382683 -0.884098
v 0.277785 0.290285 -0.915735
v 0.284707 0.195090 -0.938553
v 0.288887 0.098017 -0.952332
v 0.290285 0.000000 -0.956940
v 0.288887 -0.098017 -0.952332
v 0.284707 -0.195090 -0.938553
v 0.277785 -0.290285 -0.915735
v 0.268188 -0.382683 -0.884098
v 0.256008 -0.471397 -0.843946
v 0.241363 -0.555570 -0.795667
v 0.224393 -0.634393 -0.739725
v 0.205262 -0.707107 -0.676659
v 0.184155 -0.773010 -0.607077
v 0.161274 -0.831470 -0.531648
v 0.136839 -0.881921 -0.451099
v 0.111087 -0.923880 -0.366205
v 0.084265 -0.956940 -0.277785
v 0.056632 -0.980785 -0.186690
v 0.028453 -0.995185 -0.093797
v 0.037510 0.995185 -0.090556
v 0.074658 0.980785 -0.180240
v 0.111087 0.956940 -0.268188
v 0.146447 0.923880 -0.353553
v 0.180396 0.881921 -0.435514
v 0.212608 0.831470 -0.513280
v 0.242772 0.773010 -0.586103
v 0.270598 0.707107 -0.653281
v 0.295818 0.634393 -0.714169
v 0.318190 0.555570 -0.768178
v 0.337497 0.471397 -0.814789
v 0.353553 0.382683 -0.853553
v 0.366205 0.290285 -0.884098
v 0.375330 0.195090 -0.906127
v 0.380841 0.098017 -0.919431
v 0.382683 0.000000 -0.923880
v 0.380841 -0.098017 -0.919431
v 0.375330 -0.195090 -0.906127
v 0.366205 -0.290285 -0.884098
v 0.353553 -0.382683 -0.853553
v 0.337497 -0.471397 -0.814789
v 0.318190 -0.555570 -0.768178
v 0.295818 -0.634393 -0.714169
v 0.270598 -0.707107 -0.653281
v 0.242772 -0.773010 -0.586103
v 0.212608 -0.831470 -0.513280
v 0.180396 -0.881921 -0.435514
v 0.146447 -0.923880 -0.353553
v 0.111087 -0.956940 -0.268188
v 0.074658 -0.980785 -0.180240
v 0.037510 -0.995185 -0.090556
v 0.046205 0.995185 -0.086443
v 0.091965 0.980785 -0.172054
v 0.136839 0.956940 -0.256008
v 0.180396 0.923880 -0.337497
v 0.222215 0.881921 -0.415735
v 0.261894 0.831470 -0.489969
v 0.299051 0.773010 -0.559485
v 0.333328 0.707107 -0.623612
v 0.364395 0.634393 -0.681734
v 0.391952 0.555570 -0.733291
v 0.415735 0.471397 -0.777785
v 0.435514 0.382683 -0.814789
v 0.451099 0.290285 -0.843946
v 0.462339 0.195090 -0.864975
v 0.469127 0.098017 -0.877675
v 0.471397 0.000000 -0.881921
v 0.469127 -0.098017 -0.877675
v 0.462339 -0.195090 -0.864975
v 0.451099 -0.290285 -0.843946
v 0.435514 -0.382683 -0.814789
v 0.415735 -0.471397 -0.777785
v 0.391952 -0.555570 -0.733291
v 0.364395 -0.634393 -0.681734
v 0.333328 -0.707107 -0.623612
v 0.299051 -0.773010 -0.559485
v 0.261894 -0.831470 -0.489969
v 0.222215 -0.881921 -0.415735
v 0.180396 -0.923880 -0.337497
v 0.136839 -0.956940 -0.256008
v 0.091965 -0.980785 -0.172054
v 0.046205 -0.995185 -0.086443
v 0.054455 0.995185 -0.081498
v 0.108386 0.980785 -0.162212
v 0.161274 0.956940 -0.241363
v 0.212608 0.923880 -0.318190
v 0.261894 0.881921 -0.391952
v 0.308658 0.831470 -0.461940
v 0.352450 0.773010 -0.527479
v 0.392847 0.707107 -0.587938
v 0.429462 0.634393 -0.642735
v 0.461940 0.555570 -0.691342
v 0.489969 0.471397 -0.733291
v 0.513280 0.382683 -0.768178
v 0.531648 0.290285 -0.795667
v 0.544895 0.195090 -0.815493
v 0.552895 0.098017 -0.827466
v 0.555570 0.000000 -0.831470
v 0.552895 -0.098017 -0.827466
v 0.544895 -0.195090 -0.815493
v 0.531648 -0.290285 -0.795667
v 0.513280 -0.382683 -0.768178
v 0.489969 -0.471397 -0.733291
v 0.461940 -0.555570 -0.691342
v 0.429462 -0.634393 -0.642735
v 0.392847 -0.707107 -0.587938
v 0.352450 -0.773010 -0.527479
v 0.308658 -0.831470 -0.461940
v 0.261894 -0.881921 -0.391952
v 0.212608 -0.923880 -0.318190
v 0.161274 -0.956940 -0.241363
v 0.108386 -0.980785 -0.162212
v 0.054455 -0.995185 -0.081498
v 0.062181 0.995185 -0.075768
v 0.123764 0.980785 -0.150807
v 0.184155 0.956940 -0.224393
v 0.242772 0.923880 -0.295818
v 0.299051 0.881921 -0.364395
v 0.352450 0.831470 -0.429462
v 0.402455 0.773010 -0.490393
v 0.448584 0.707107 -0.546601
v 0.490393 0.634393 -0.597545
v 0.527479 0.555570 -0.642735
v 0.559485 0.471397 -0.681734
v 0.586103 0.382683 -0.714168
v 0.607077 0.290285 -0.739725
v 0.622204 0.195090 -0.758157
v 0.631338 0.098017 -0.769288
v 0.634393 0.000000 -0.773010
v 0.631338 -0.098017 -0.769288
v 0.622204 -0.195090 -0.758157
v 0.607077 -0.290285 -0.739725
v 0.586103 -0.382683 -0.714168
v 0.559485 -0.471397 -0.681734
v 0.527479 -0.555570 -0.642735
v 0.490393 -0.634393 -0.597545
v 0.448584 -0.707107 -0.546601
v 0.402455 -0.773010 -0.490393
v 0.352450 -0.831470 -0.429462
v 0.299051 -0.881921 -0.364395
v 0.242772 -0.923880 -0.295818
v 0.184155 -0.956940 -0.224393
v 0.123764 -0.980785 -0.150807
v 0.062181 -0.995185 -0.075768
v 0.069309 0.995185 -0.069309
v 0.137950 0.980785 -0.137950
v 0.205262 0.956940 -0.205262
v 0.270598 0.923880 -0.270598
v 0.333328 0.881921 -0.333328
v 0.392848 0.831470 -0.392848
v 0.448584 0.773010 -0.448584
v 0.500000 0.707107 -0.500000
v 0.546601 0.634393 -0.546601
v 0.587938 0.555570 -0.587938
v 0.623612 0.471397 -0.623612
v 0.653281 0.382683 -0.653281
v 0.676659 0.290285 -0.676659
v 0.693520 0.195090 -0.693520
v 0.703702 0.098017 -0.703702
v 0.707107 0.000000 -0.707107
v 0.703702 -0.098017 -0.703702
v 0.693520 -0.195090 -0.693520
v 0.676659 -0.290285 -0.676659
v 0.653281 -0.382683 -0.653281
v 0.623612 -0.471397 -0.623612
v 0.587938 -0.555570 -0.587938
v 0.546601 -0.634393 -0.546601
v 0.500000 -0.707107 -0.500000
v 0.448584 -0.773010 -0.448584
v 0.392848 -0.831470 -0.392848
v 0.333328 -0.881921 -0.333328
v 0.270598 -0.923880 -0.270598
v 0.205262 -0.956940 -0.205262
v 0.137950 -0.980785 -0.137950
v 0.069309 -0.995185 -0.069309
v 0.075768 0.995185 -0.062181
v 0.150807 0.980785 -0.123764
v 0.224393 0.956940 -0.184155
v 0.295818 0.923880 -0.242772
v 0.364395 0.881921 -0.299051
v 0.429462 0.831470 -0.352450
v 0.490393 0.773010 -0.402455
v 0.546601 0.707107 -0.448584
v 0.597545 0.634393 -0.490393
v 0.642735 0.555570 -0.527479
v 0.681734 0.471397 -0.559485
v 0.714168 0.382683 -0.586103
v 0.739725 0.290285 -0.607077
v 0.758157 0.195090 -0.622203
v 0.769288 0.098017 -0.631338
v 0.773010 0.000000 -0.634393
v 0.769288 -0.098017 -0.631338
v 0.758157 -0.195090 -0.622203
v 0.739725 -0.290285 -0.607077
v 0.714168 -0.382683 -0.586103
v 0.681734 -0.471397 -0.559485
v 0.642735 -0.555570 -0.527479
v 0.597545 -0.634393 -0.490393
v 0.546601 -0.707107 -0.448584
v 0.490393 -0.773010 -0.402455
v 0.429462 -0.831470 -0.352450
v 0.364395 -0.881921 -0.299051
v 0.295818 -0.923880 -0.242772
v 0.224393 -0.956940 -0.184155
v 0.150807 -0.980785 -0.123764
v 0.075768 -0.995185 -0.062181
v 0.081498 0.995185 -0.054455
v 0.162212 0.980785 -0.108386
v 0.241363 0.956940 -0.161274
v 0.318190 0.923880 -0.212607
v 0.391952 0.881921 -0.261894
v 0.461940 0.831470 -0.308658
v 0.527479 0.773010 -0.352450
v 0.587938 0.707107 -0.392847
v 0.642735 0.634393 -0.429462
v 0.691342 0.555570 -0.461940
v 0.733291 0.471397 -0.489969
v 0.768178 0.382683 -0.513280
v 0.795667 0.290285 -0.531648
v 0.815493 0.195090 -0.544895
v 0.827466 0.098017 -0.552895
v 0.831470 0.000000 -0.555570
v 0.827466 -0.098017 -0.552895
v 0.815493 -0.195090 -0.544895
v 0.795667 -0.290285 -0.531648
v 0.768178 -0.382683 -0.513280
v 0.733291 -0.471397 -0.489969
v 0.691342 -0.555570 -0.461940
v 0.642735 -0.634393 -0.429462
v 0.587938 -0.707107 -0.392847
v 0.527479 -0.773010 -0.352450
v 0.461940 -0.831470 -0.308658
v 0.391952 -0.881921 -0.261894
v 0.318190 -0.923880 -0.212607
v 0.241363 -0.956940 -0.161274
v 0.162212 -0.980785 -0.108386
v 0.081498 -0.995185 -0.054455
v 0.086443 0.995185 -0.046205
v 0.172054 0.980785 -0.091965
v 0.256008 0.956940 -0.136839
v 0.337497 0.923880 -0.180396
v 0.415735 0.881921 -0.222215
v 0.489969 0.831470 -0.261894
v 0.559485 0.773010 -0.299051
v 0.623613 0.707107 -0.333328
v 0.681734 0.634393 -0.364395
v 0.733291 0.555570 -0.391952
v 0.777785 0.471397 -0.415735
v 0.814789 0.382683 -0.435514
v 0.843946 0.290285 -0.451099
v 0.864975 0.195090 -0.462339
v 0.877675 0.098017 -0.469127
v 0.881921 0.000000 -0.471397
v 0.877675 -0.098017 -0.469127
v 0.864975 -0.195090 -0.462339
v 0.843946 -0.290285 -0.451099
v 0.814789 -0.382683 -0.435514
v 0.777785 -0.471397 -0.415735
v 0.733291 -0.555570 -0.391952
v 0.681734 -0.634393 -0.364395
v 0.623613 -0.707107 -0.333328
v 0.559485 -0.773010 -0.299051
v 0.489969 -0.831470 -0.261894
v 0.415735 -0.881921 -0.222215
v 0.337497 -0.923880 -0.180396
v 0.256008 -0.956940 -0.136839
v 0.172054 -0.980785 -0.091965
v 0.086443 -0.995185 -0.046205
v 0.090556 0.995185 -0.037510
v 0.180240 0.980785 -0.074658
v 0.268188 0.956940 -0.111087
v 0.353553 0.923880 -0.146447
v 0.435514 0.881921 -0.180396
v 0.513280 0.831470 -0.212608
v 0.586103 0.773010 -0.242772
v 0.653281 0.707107 -0.270598
v 0.714168 0.634393 -0.295818
v 0.768178 0.555570 -0.318190
v 0.814789 0.471397 -0.337497
v 0.853553 0.382683 -0.353553
v 0.884098 0.290285 -0.366205
v 0.906127 0.195090 -0.375330
v 0.919431 0.098017 -0.380841
v 0.923879 0.000000 -0.382683
v 0.919431 -0.098017 -0.380841
v 0.906127 -0.195090 -0.375330
v 0.884098 -0.290285 -0.366205
v 0.853553 -0.382683 -0.353553
v 0.814789 -0.471397 -0.337497
v 0.768178 -0.555570 -0.318190
v 0.714168 -0.634393 -0.295818
v 0.653281 -0.707107 -0.270598
v 0.586103 -0.773010 -0.242772
v 0.513280 -0.831470 -0.212608
v 0.435514 -0.881921 -0.180396
v 0.353553 -0.923880 -0.146447
v 0.268188 -0.956940 -0.111087
v 0.180240 -0.980785 -0.074658
v 0.090556 -0.995185 -0.037510
v 0.093797 0.995185 -0.028453
v 0.186690 0.980785 -0.056632
v 0.277785 0.956940 -0.084265
v 0.366205 0.923880 -0.111087
v 0.451099 0.881921 -0.136839
v 0.531648 0.831470 -0.161274
v 0.607076 0.773010 -0.184155
v 0.676659 0.707107 -0.205262
v 0.739725 0.634393 -0.224393
v 0.795667 0.555570 -0.241363
v 0.843946 0.471397 -0.256008
v 0.884098 0.382683 -0.268188
v 0.915735 0.290285 -0.277785
v 0.938553 0.195090 -0.284707
v 0.952332 0.098017 -0.288887
v 0.956940 0.000000 -0.290285
v 0.952332 -0.098017 -0.288887
v 0.938553 -0.195090 -0.284707
v 0.915735 -0.290285 -0.277785
v 0.884098 -0.382683 -0.268188
v 0.843946 -0.471397 -0.256008
v 0.795667 -0.555570 -0.241363
v 0.739725 -0.634393 -0.224393
v 0.676659 -0.707107 -0.205262
v 0.607076 -0.773010 -0.184155
v 0.531648 -0.831470 -0.161274
v 0.451099 -0.881921 -0.136839
v 0.366205 -0.923880 -0.111087
v 0.277785 -0.956940 -0.084265
v 0.186690 -0.980785 -0.056632
v 0.093797 -0.995185 -0.028453
v 0.096134 0.995185 -0.019122
v 0.191342 0.980785 -0.038060
v 0.284707 0.956940 -0.056632
v 0.375330 0.923880 -0.074658
v 0.462339 0.881921 -0.091965
v 0.544895 0.831470 -0.108386
v 0.622204 0.773010 -0.123764
v 0.693520 0.707107 -0.137950
v 0.758157 0.634393 -0.150807
v 0.815493 0.555570 -0.162212
v 0.864975 0.471397 -0.172054
v 0.906127 0.382683 -0.180240
v 0.938553 0.290285 -0.186690
v 0.961940 0.195090 -0.191342
v 0.976063 0.098017 -0.194151
v 0.980785 0.000000 -0.195090
v 0.976063 -0.098017 -0.194151
v 0.961940 -0.195090 -0.191342
v 0.938553 -0.290285 -0.186690
v 0.906127 -0.382683 -0.180240
v 0.864975 -0.471397 -0.172054
v 0.815493 -0.555570 -0.162212
v 0.758157 -0.634393 -0.150807
v 0.693520 -0.707107 -0.137950
v 0.622204 -0.773010 -0.123764
v 0.544895 -0.831470 -0.108386
v 0.462339 -0.881921 -0.091965
v 0.375330 -0.923880 -0.074658
v 0.284707 -0.956940 -0.056632
v 0.191342 -0.980785 -0.038060
v 0.096134 -0.995185 -0.019122
v 0.097545 0.995185 -0.009607
v 0.194151 0.980785 -0.019122
v 0.288887 0.956940 -0.028453
v 0.380841 0.923880 -0.037510
v 0.469127 0.881921 -0.046205
v 0.552895 0.831470 -0.054455
v 0.631338 0.773010 -0.062181
v 0.703702 0.707107 -0.069308
v 0.769288 0.634393 -0.075768
v 0.827466 0.555570 -0.081498
v 0.877674 0.471397 -0.086443
v 0.919431 0.382683 -0.090556
v 0.952332 0.290285 -0.093797
v 0.976062 0.195090 -0.096134
v 0.990393 0.098017 -0.097545
v 0.995185 0.000000 -0.098017
v 0.990393 -0.098017 -0.097545
v 0.976062 -0.195090 -0.096134
v 0.952332 -0.290285 -0.093797
v 0.919431 -0.382683 -0.090556
v 0.877674 -0.471397 -0.086443
v 0.827466 -0.555570 -0.081498
v 0.769288 -0.634393 -0.075768
v 0.703702 -0.707107 -0.069308
v 0.631338 -0.773010 -0.062181
v 0.552895 -0.831470 -0.054455
v 0.469127 -0.881921 -0.046205
v 0.380841 -0.923880 -0.037510
v 0.288887 -0.956940 -0.028453
v 0.194151 -0.980785 -0.019122
v 0.097545 -0.995185 -0.009607
v 0.098017 0.995185 0.000000
v 0.195090 0.980785 -0.000000
v 0.290285 0.956940 0.000000
v 0.382683 0.923880 0.000000
v 0.471397 0.881921 0.000000
v 0.555570 0.831470 -0.000000
v 0.634393 0.773010 -0.000000
v 0.707107 0.707107 0.000000
v 0.773010 0.634393 -0.000000
v 0.831470 0.555570 -0.000000
v 0.881921 0.471397 0.000000
v 0.923879 0.382683 0.000000
v 0.956940 0.290285 -0.000000
v 0.980785 0.195090 0.000000
v 0.995185 0.098017 0.000000
v 1.000000 0.000000 0.000000
v 0.995185 -0.098017 0.000000
v 0.980785 -0.195090 0.000000
v 0.956940 -0.290285 -0.000000
v 0.923879 -0.382683 0.000000
v 0.881921 -0.471397 0.000000
v 0.831470 -0.555570 -0.000000
v 0.773010 -0.634393 -0.000000
v 0.707107 -0.707107 0.000000
v 0.634393 -0.773010 -0.000000
v 0.555570 -0.831470 -0.000000
v 0.471397 -0.881921 0.000000
v 0.382683 -0.923880 0.000000
v 0.290285 -0.956940 0.000000
v 0.195090 -0.980785 -0.000000
v 0.098017 -0.995185 0.000000
v 0.097545 0.995185 0.009607
v 0.194151 0.980785 0.019122
v 0.288887 0.956940 0.028453
v 0.380841 0.923880 0.037510
v 0.469127 0.881921 0.046205
v 0.552895 0.831470 0.054455
v 0.631338 0.773010 0.062181
v 0.703702 0.707107 0.069309
v 0.769288 0.634393 0.075768
v 0.827466 0.555570 0.081498
v 0.877674 0.471397 0.086443
v 0.919431 0.382683 0.090556
v 0.952332 0.290285 0.093797
v 0.976062 0.195090 0.096134
v 0.990393 0.098017 0.097545
v 0.995185 0.000000 0.098017
v 0.990393 -0.098017 0.097545
v 0.976062 -0.195090 0.096134
v 0.952332 -0.290285 0.093797
v 0.919431 -0.382683 0.090556
v 0.877674 -0.471397 0.086443
v 0.827466 -0.555570 0.081498
v 0.769288 -0.634393 0.075768
v 0.703702 -0.707107 0.069309
v 0.631338 -0.773010 0.062181
v 0.552895 -0.831470 0.054455
v 0.469127 -0.881921 0.046205
v 0.380841 -0.923880 0.037510
v 0.288887 -0.956940 0.028453
v 0.194151 -0.980785 0.019122
v 0.097545 -0.995185 0.009607
v 0.096134 0.995185 0.019122
v 0.191342 0.980785 0.038060
v 0.284707 0.956940 0.056632
v 0.375330 0.923880 0.074658
v 0.462339 0.881921 0.091965
v 0.544895 0.831470 0.108386
v 0.622204 0.773010 0.123764
v 0.693520 0.707107 0.137950
v 0.758157 0.634393 0.150807
v 0.815493 0.555570 0.162212
v 0.864975 0.471397 0.172054
v 0.906127 0.382683 0.180240
v 0.938553 0.290285 0.186690
v 0.961940 0.195090 0.191342
v 0.976062 0.098017 0.194151
v 0.980785 0.000000 0.195090
v 0.976062 -0.098017 0.194151
v 0.961940 -0.195090 0.191342
v 0.938553 -0.290285 0.186690
v 0.906127 -0.382683 0.180240
v 0.864975 -0.471397 0.172054
v 0.815493 -0.555570 0.162212
v 0.758157 -0.634393 0.150807
v 0.693520 -0.707107 0.137950
v 0.622204 -0.773010 0.123764
v 0.544895 -0.831470 0.108386
v 0.462339 -0.881921 0.091965
v 0.375330 -0.923880 0.074658
v 0.284707 -0.956940 0.056632
v 0.191342 -0.980785 0.038060
v 0.096134 -0.995185 0.019122
v 0.093797 0.995185 0.028453
v 0.186690 0.980785 0.056632
v 0.277785 0.956940 0.084265
v 0.366205 0.923880 0.111087
v 0.451098 0.881921 0.136839
v 0.531648 0.831470 0.161274
v 0.607076 0.773010 0.184155
v 0.676659 0.707107 0.205262
v 0.739725 0.634393 0.224393
v 0.795667 0.555570 0.241363
v 0.843946 0.471397 0.256008
v 0.884097 0.382683 0.268188
v 0.915735 0.290285 0.277785
v 0.938553 0.195090 0.284707
v 0.952332 0.098017 0.288887
v 0.956940 0.000000 0.290285
v 0.952332 -0.098017 0.288887
v 0.938553 -0.195090 0.284707
v 0.915735 -0.290285 0.277785
v 0.884097 -0.382683 0.268188
v 0.843946 -0.471397 0.256008
v 0.795667 -0.555570 0.241363
v 0.739725 -0.634393 0.224393
v 0.676659 -0.707107 0.205262
v 0.607076 -0.773010 0.184155
v 0.531648 -0.831470 0.161274
v 0.451098 -0.881921 0.136839
v 0.366205 -0.923880 0.111087
v 0.277785 -0.956940 0.084265
v 0.186690 -0.980785 0.056632
v 0.093797 -0.995185 0.028453
v 0.090556 0.995185 0.037510
v 0.180240 0.980785 0.074658
v 0.268188 0.956940 0.111087
v 0.353553 0.923880 0.146447
v 0.435514 0.881921 0.180396
v 0.513280 0.831470 0.212608
v 0.586103 0.773010 0.242772
v 0.653281 0.707107 0.270598
v 0.714169 0.634393 0.295818
v 0.768178 0.555570 0.318190
v 0.814789 0.471397 0.337497
v 0.853553 0.382683 0.353553
v 0.884098 0.290285 0.366205
v 0.906127 0.195090 0.375330
v 0.919431 0.098017 0.380841
v 0.923879 0.000000 0.382683
v 0.919431 -0.098017 0.380841
v 0.906127 -0.195090 0.375330
v 0.884098 -0.290285 0.366205
v 0.853553 -0.382683 0.353553
v 0.814789 -0.471397 0.337497
v 0.768178 -0.555570 0.318190
v 0.714169 -0.634393 0.295818
v 0.653281 -0.707107 0.270598
v 0.586103 -0.773010 0.242772
v 0.513280 -0.831470 0.212608
v 0.435514 -0.881921 0.180396
v 0.353553 -0.923880 0.146447
v 0.268188 -0.956940 0.111087
v 0.180240 -0.980785 0.074658
v 0.090556 -0.995185 0.037510
v 0.086443 0.995185 0.046205
v 0.172054 0.980785 0.091965
v 0.256008 0.956940 0.136839
v 0.337497 0.923880 0.180396
v 0.415735 0.881921 0.222215
v 0.489969 0.831470 0.261894
v 0.559485 0.773010 0.299051
v 0.623612 0.707107 0.333328
v 0.681734 0.634393 0.364395
v 0.733291 0.555570 0.391952
v 0.777785 0.471397 0.415735
v 0.814789 0.382683 0.435514
v 0.843946 0.290285 0.451099
v 0.864975 0.195090 0.462339
v 0.877674 0.098017 0.469127
v 0.881921 0.000000 0.471397
v 0.877674 -0.098017 0.469127
v 0.864975 -0.195090 0.462339
v 0.843946 -0.290285 0.451099
v 0.814789 -0.382683 0.435514
v 0.777785 -0.471397 0.415735
v 0.733291 -0.555570 0.391952
v 0.681734 -0.634393 0.364395
v 0.623612 -0.707107 0.333328
v 0.559485 -0.773010 0.299051
v 0.489969 -0.831470 0.261894
v 0.415735 -0.881921 0.222215
v 0.337497 -0.923880 0.180396
v 0.256008 -0.956940 0.136839
v 0.172054 -0.980785 0.091965
v 0.086443 -0.995185 0.046205
v 0.081498 0.995185 0.054455
v 0.162212 0.980785 0.108386
v 0.241363 0.956940 0.161274
v 0.318190 0.923880 0.212607
v 0.391952 0.881921 0.261894
v 0.461940 0.831470 0.308658
v 0.527479 0.773010 0.352450
v 0.587938 0.707107 0.392848
v 0.642735 0.634393 0.429462
v 0.691342 0.555570 0.461940
v 0.733290 0.471397 0.489969
v 0.768178 0.382683 0.513280
v 0.795667 0.290285 0.531648
v 0.815493 0.195090 0.544895
v 0.827466 0.098017 0.552895
v 0.831469 0.000000 0.555570
v 0.827466 -0.098017 0.552895
v 0.815493 -0.195090 0.544895
v 0.795667 -0.290285 0.531648
v 0.768178 -0.382683 0.513280
v 0.733290 -0.471397 0.489969
v 0.691342 -0.555570 0.461940
v 0.642735 -0.634393 0.429462
v 0.587938 -0.707107 0.392848
v 0.527479 -0.773010 0.352450
v 0.461940 -0.831470 0.308658
v 0.391952 -0.881921 0.261894
v 0.318190 -0.923880 0.212607
v 0.241363 -0.956940 0.161274
v 0.162212 -0.980785 0.108386
v 0.081498 -0.995185 0.054455
v 0.075768 0.995185 0.062181
v 0.150807 0.980785 0.123764
v 0.224393 0.956940 0.184155
v 0.295818 0.923880 0.242772
v 0.364394 0.881921 0.299051
v 0.429462 0.831470 0.352450
v 0.490393 0.773010 0.402455
v 0.546601 0.707107 0.448584
v 0.597545 0.634393 0.490393
v 0.642735 0.555570 0.527479
v 0.681734 0.471397 0.559485
v 0.714168 0.382683 0.586103
v 0.739725 0.290285 0.607076
v 0.758157 0.195090 0.622204
v 0.769288 0.098017 0.631338
v 0.773010 0.000000 0.634393
v 0.769288 -0.098017 0.631338
v 0.758157 -0.195090 0.622204
v 0.739725 -0.290285 0.607076
v 0.714168 -0.382683 0.586103
v 0.681734 -0.471397 0.559485
v 0.642735 -0.555570 0.527479
v 0.597545 -0.634393 0.490393
v 0.546601 -0.707107 0.448584
v 0.490393 -0.773010 0.402455
v 0.429462 -0.831470 0.352450
v 0.364394 -0.881921 0.299051
v 0.295818 -0.923880 0.242772
v 0.224393 -0.956940 0.184155
v 0.150807 -0.980785 0.123764
v 0.075768 -0.995185 0.062181
v 0.069309 0.995185 0.069309
v 0.137950 0.980785 0.137950
v 0.205262 0.956940 0.205262
v 0.270598 0.923880 0.270598
v 0.333328 0.881921 0.333328
v 0.392848 0.831470 0.392848
v 0.448584 0.773010 0.448584
v 0.500000 0.707107 0.500000
v 0.546601 0.634393 0.546601
v 0.587938 0.555570 0.587938
v 0.623612 0.471397 0.623612
v 0.653281 0.382683 0.653281
v 0.676659 0.290285 0.676659
v 0.693520 0.195090 0.693520
v 0.703702 0.098017 0.703702
v 0.707107 0.000000 0.707107
v 0.703702 -0.098017 0.703702
v 0.693520 -0.195090 0.693520
v 0.676659 -0.290285 0.676659
v 0.653281 -0.382683 0.653281
v 0.623612 -0.471397 0.623612
v 0.587938 -0.555570 0.587938
v 0.546601 -0.634393 0.546601
v 0.500000 -0.707107 0.500000
v 0.448584 -0.773010 0.448584
v 0.392848 -0.831470 0.392848
v 0.333328 -0.881921 0.333328
v 0.270598 -0.923880 0.270598
v 0.205262 -0.956940 0.205262
v 0.137950 -0.980785 0.137950
v 0.069309 -0.995185 0.069309
v 0.062181 0.995185 0.075768
v 0.123764 0.980785 0.150807
v 0.184155 0.956940 0.224393
v 0.242772 0.923880 0.295818
v 0.299051 0.881921 0.364395
v 0.352450 0.831470 0.429462
v 0.402455 0.773010 0.490393
v 0.448584 0.707107 0.546601
v 0.490393 0.634393 0.597545
v 0.527479 0.555570 0.642735
v 0.559485 0.471397 0.681734
v 0.586103 0.382683 0.714168
v 0.607076 0.290285 0.739725
v 0.622203 0.195090 0.758157
v 0.631338 0.098017 0.769288
v 0.634393 0.000000 0.773010
v 0.631338 -0.098017 0.769288
v 0.622203 -0.195090 0.758157
v 0.607076 -0.290285 0.739725
v 0.586103 -0.382683 0.714168
v 0.559485 -0.471397 0.681734
v 0.527479 -0.555570 0.642735
v 0.490393 -0.634393 0.597545
v 0.448584 -0.707107 0.546601
v 0.402455 -0.773010 0.490393
v 0.352450 -0.831470 0.429462
v 0.299051 -0.881921 0.364395
v 0.242772 -0.923880 0.295818
v 0.184155 -0.956940 0.224393
v 0.123764 -0.980785 0.150807
v 0.062181 -0.995185 0.075768
v 0.054455 0.995185 0.081498
v 0.108386 0.980785 0.162212
v 0.161274 0.956940 0.241363
v 0.212607 0.923880 0.318190
v 0.261894 0.881921 0.391952
v 0.308658 0.831470 0.461940
v 0.352450 0.773010 0.527479
v 0.392847 0.707107 0.587938
v 0.429462 0.634393 0.642735
v 0.461940 0.555570 0.691342
v 0.489969 0.471397 0.733291
v 0.513280 0.382683 0.768178
v 0.531647 0.290285 0.795667
v 0.544895 0.195090 0.815493
v 0.552895 0.098017 0.827466
v 0.555570 0.000000 0.831470
v 0.552895 -0.098017 0.827466
v 0.544895 -0.195090 0.815493
v 0.531647 -0.290285 0.795667
v 0.513280 -0.382683 0.768178
v 0.489969 -0.471397 0.733291
v 0.461940 -0.555570 0.691342
v 0.429462 -0.634393 0.642735
v 0.392847 -0.707107 0.587938
v 0.352450 -0.773010 0.527479
v 0.308658 -0.831470 0.461940
v 0.261894 -0.881921 0.391952
v 0.212607 -0.923880 0.318190
v 0.161274 -0.956940 0.241363
v 0.108386 -0.980785 0.162212
v 0.054455 -0.995185 0.081498
v 0.046205 0.995185 0.086443
v 0.091965 0.980785 0.172054
v 0.136839 0.956940 0.256008
v 0.180396 0.923880 0.337497
v 0.222215 0.881921 0.415735
v 0.261894 0.831470 0.489969
v 0.299051 0.773010 0.559485
v 0.333328 0.707107 0.623612
v 0.364395 0.634393 0.681734
v 0.391952 0.555570 0.733291
v 0.415735 0.471397 0.777785
v 0.435514 0.382683 0.814789
v 0.451098 0.290285 0.843946
v 0.462339 0.195090 0.864975
v 0.469127 0.098017 0.877674
v 0.471397 0.000000 0.881921
v 0.469127 -0.098017 0.877674
v 0.462339 -0.195090 0.864975
v 0.451098 -0.290285 0.843946
v 0.435514 -0.382683 0.814789
v 0.415735 -0.471397 0.777785
v 0.391952 -0.555570 0.733291
v 0.364395 -0.634393 0.681734
v 0.333328 -0.707107 0.623612
v 0.299051 -0.773010 0.559485
v 0.261894 -0.831470 0.489969
v 0.222215 -0.881921 0.415735
v 0.180396 -0.923880 0.337497
v 0.136839 -0.956940 0.256008
v 0.091965 -0.980785 0.172054
v 0.046205 -0.995185 0.086443
v 0.037510 0.995185 0.090556
v 0.074658 0.980785 0.180240
v 0.111087 0.956940 0.268188
v 0.146447 0.923880 0.353553
v 0.180396 0.881921 0.435514
v 0.212608 0.831470 0.513280
v 0.242772 0.773010 0.586103
v 0.270598 0.707107 0.653281
v 0.295818 0.634393 0.714168
v 0.318190 0.555570 0.768178
v 0.337497 0.471397 0.814789
v 0.353553 0.382683 0.853553
v 0.366205 0.290285 0.884097
v 0.375330 0.195090 0.906127
v 0.380841 0.098017 0.919431
v 0.382683 0.000000 0.923879
v 0.380841 -0.098017 0.919431
v 0.375330 -0.195090 0.906127
v 0.366205 -0.290285 0.884097
v 0.353553 -0.382683 0.853553
v 0.337497 -0.471397 0.814789
v 0.318190 -0.555570 0.768178
v 0.295818 -0.634393 0.714168
v 0.270598 -0.707107 0.653281
v 0.242772 -0.773010 0.586103
v 0.212608 -0.831470 0.513280
v 0.180396 -0.881921 0.435514
v 0.146447 -0.923880 0.353553
v 0.111087 -0.956940 0.268188
v 0.074658 -0.980785 0.180240
v 0.037510 -0.995185 0.090556
v 0.028453 0.995185 0.093797
v 0.056632 0.980785 0.186690
v 0.084265 0.956940 0.277785
v 0.111087 0.923880 0.366205
v 0.136839 0.881921 0.451098
v 0.161274 0.831470 0.531648
v 0.184155 0.773010 0.607076
v 0.205262 0.707107 0.676659
v 0.224393 0.634393 0.739725
v 0.241363 0.555570 0.795667
v 0.256008 0.471397 0.843946
v 0.268188 0.382683 0.884097
v 0.277785 0.290285 0.915735
v 0.284707 0.195090 0.938553
v 0.288887 0.098017 0.952332
v 0.290284 0.000000 0.956940
v 0.288887 -0.098017 0.952332
v 0.284707 -0.195090 0.938553
v 0.277785 -0.290285 0.915735
v 0.268188 -0.382683 0.884097
v 0.256008 -0.471397 0.843946
v 0.241363 -0.555570 0.795667
v 0.224393 -0.634393 0.739725
v 0.205262 -0.707107 0.676659
v 0.184155 -0.773010 0.607076
v 0.161274 -0.831470 0.531648
v 0.136839 -0.881921 0.451098
v 0.111087 -0.923880 0.366205
v 0.084265 -0.956940 0.277785
v 0.056632 -0.980785 0.186690
v 0.028453 -0.995185 0.093797
v 0.019122 0.995185 0.096134
v 0.038060 0.980785 0.191342
v 0.056632 0.956940 0.284707
v 0.074658 0.923880 0.375330
v 0.091965 0.881921 0.462339
v 0.108386 0.831470 0.544895
v 0.123764 0.773010 0.622204
v 0.137950 0.707107 0.693520
v 0.150807 0.634393 0.758157
v 0.162212 0.555570 0.815493
v 0.172054 0.471397 0.864975
v 0.180240 0.382683 0.906127
v 0.186690 0.290285 0.938553
v 0.191342 0.195090 0.961940
v 0.194151 0.098017 0.976062
v 0.195090 0.000000 0.980785
v 0.194151 -0.098017 0.976062
v 0.191342 -0.195090 0.961940
v 0.186690 -0.290285 0.938553
v 0.180240 -0.382683 0.906127
v 0.172054 -0.471397 0.864975
v 0.162212 -0.555570 0.815493
v 0.150807 -0.634393 0.758157
v 0.137950 -0.707107 0.693520
v 0.123764 -0.773010 0.622204
v 0.108386 -0.831470 0.544895
v 0.091965 -0.881921 0.462339
v 0.074658 -0.923880 0.375330
v 0.056632 -0.956940 0.284707
v 0.038060 -0.980785 0.191342
v 0.019122 -0.995185 0.096134
v 0.009607 0.995185 0.097545
v 0.019122 0.980785 0.194151
v 0.028453 0.956940 0.288887
v 0.037510 0.923880 0.380841
v 0.046205 0.881921 0.469127
v 0.054455 0.831470 0.552895
v 0.062181 0.773010 0.631338
v 0.069308 0.707107 0.703702
v 0.075768 0.634393 0.769288
v 0.081498 0.555570 0.827466
v 0.086443 0.471397 0.877674
v 0.090556 0.382683 0.919430
v 0.093796 0.290285 0.952332
v 0.096134 0.195090 0.976062
v 0.097545 0.098017 0.990392
v 0.098017 0.000000 0.995185
v 0.097545 -0.098017 0.990392
v 0.096134 -0.195090 0.976062
v 0.093796 -0.290285 0.952332
v 0.090556 -0.382683 0.919430
v 0.086443 -0.471397 0.877674
v 0.081498 -0.555570 0.827466
v 0.075768 -0.634393 0.769288
v 0.069308 -0.707107 0.703702
v 0.062181 -0.773010 0.631338
v 0.054455 -0.831470 0.552895
v 0.046205 -0.881921 0.469127
v 0.037510 -0.923880 0.380841
v 0.028453 -0.956940 0.288887
v 0.019122 -0.980785 0.194151
v 0.009607 -0.995185 0.097545
v -0.000000 0.995185 0.098017
v 0.000000 0.980785 0.195090
v -0.000000 0.956940 0.290285
v -0.000000 0.923880 0.382683
v -0.000000 0.881921 0.471397
v 0.000000 0.831470 0.555571
v 0.000000 0.773010 0.634393
v -0.000000 0.707107 0.707107
v 0.000000 0.634393 0.773010
v 0.000000 0.555570 0.831470
v -0.000000 0.471397 0.881921
v -0.000000 0.382683 0.923879
v -0.000000 0.290285 0.956940
v -0.000000 0.195090 0.980785
v -0.000000 0.098017 0.995184
v -0.000000 0.000000 1.000000
v -0.000000 -0.098017 0.995184
v -0.000000 -0.195090 0.980785
v -0.000000 -0.290285 0.956940
v -0.000000 -0.382683 0.923879
v -0.000000 -0.471397 0.881921
v 0.000000 -0.555570 0.831470
v 0.000000 -0.634393 0.773010
v -0.000000 -0.707107 0.707107
v 0.000000 -0.773010 0.634393
v 0.000000 -0.831470 0.555571
v -0.000000 -0.881921 0.471397
v -0.000000 -0.923880 0.382683
v -0.000000 -0.956940 0.290285
v 0.000000 -0.980785 0.195090
v -0.000000 -0.995185 0.098017
v -0.009607 0.995185 0.097545
v -0.019122 0.980785 0.194151
v -0.028453 0.956940 0.288887
v -0.037510 0.923880 0.380840
v -0.046205 0.881921 0.469127
v -0.054455 0.831470 0.552895
v -0.062181 0.773010 0.631338
v -0.069309 0.707107 0.703702
v -0.075768 0.634393 0.769288
v -0.081498 0.555570 0.827466
v -0.086443 0.471397 0.877674
v -0.090556 0.382683 0.919430
v -0.093797 0.290285 0.952332
v -0.096134 0.195090 0.976062
v -0.097545 0.098017 0.990392
v -0.098017 0.000000 0.995184
v -0.097545 -0.098017 0.990392
v -0.096134 -0.195090 0.976062
v -0.093797 -0.290285 0.952332
v -0.090556 -0.382683 0.919430
v -0.086443 -0.471397 0.877674
v -0.081498 -0.555570 0.827466
v -0.075768 -0.634393 0.769288
v -0.069309 -0.707107 0.703702
v -0.062181 -0.773010 0.631338
v -0.054455 -0.831470 0.552895
v -0.046205 -0.881921 0.469127
v -0.037510 -0.923880 0.380840
v -0.028453 -0.956940 0.288887
v -0.019122 -0.980785 0.194151
v -0.009607 -0.995185 0.097545
v 0.000000 1.000000 0.000000
v -0.019122 0.995185 0.096134
v -0.038060 0.980785 0.191342
v -0.056632 0.956940 0.284707
v -0.074658 0.923880 0.375330
v -0.091965 0.881921 0.462339
v -0.108386 0.831470 0.544895
v -0.123764 0.773010 0.622204
v -0.137950 0.707107 0.693520
v -0.150807 0.634393 0.758157
v -0.162212 0.555570 0.815493
v -0.172054 0.471397 0.864975
v -0.180240 0.382683 0.906127
v -0.186690 0.290285 0.938553
v -0.191342 0.195090 0.961940
v -0.194151 0.098017 0.976062
v -0.195090 0.000000 0.980785
v -0.194151 -0.098017 0.976062
v -0.191342 -0.195090 0.961940
v -0.186690 -0.290285 0.938553
v -0.180240 -0.382683 0.906127
v -0.172054 -0.471397 0.864975
v -0.162212 -0.555570 0.815493
v -0.150807 -0.634393 0.758157
v -0.137950 -0.707107 0.693520
v -0.123764 -0.773010 0.622204
v -0.108386 -0.831470 0.544895
v -0.091965 -0.881921 0.462339
v -0.074658 -0.923880 0.375330
v -0.056632 -0.956940 0.284707
v -0.038060 -0.980785 0.191342
v -0.019122 -0.995185 0.096134
v -0.028453 0.995185 0.093797
v -0.056632 0.980785 0.186690
v -0.084265 0.956940 0.277785
v -0.111087 0.923880 0.366205
v -0.136839 0.881921 0.451098
v -0.161274 0.831470 0.531648
v -0.184155 0.773010 0.607076
v -0.205262 0.707107 0.676659
v -0.224393 0.634393 0.739725
v -0.241363 0.555570 0.795667
v -0.256008 0.471397 0.843946
v -0.268188 0.382683 0.884097
v -0.277785 0.290285 0.915735
v -0.284707 0.195090 0.938553
v -0.288887 0.098017 0.952332
v -0.290285 0.000000 0.956940
v -0.288887 -0.098017 0.952332
v -0.284707 -0.195090 0.938553
v -0.277785 -0.290285 0.915735
v -0.268188 -0.382683 0.884097
v -0.256008 -0.471397 0.843946
v -0.241363 -0.555570 0.795667
v -0.224393 -0.634393 0.739725
v -0.205262 -0.707107 0.676659
v -0.184155 -0.773010 0.607076
v -0.161274 -0.831470 0.531648
v -0.136839 -0.881921 0.451098
v -0.111087 -0.923880 0.366205
v -0.084265 -0.956940 0.277785
v -0.056632 -0.980785 0.186690
v -0.028453 -0.995185 0.093797
v -0.037510 0.995185 0.090556
v -0.074658 0.980785 0.180240
v -0.111087 0.956940 0.268188
v -0.146447 0.923880 0.353553
v -0.180396 0.881921 0.435514
v -0.212608 0.831470 0.513280
v -0.242772 0.773010 0.586103
v -0.270598 0.707107 0.653281
v -0.295818 0.634393 0.714168
v -0.318190 0.555570 0.768178
v -0.337497 0.471397 0.814789
v -0.353553 0.382683 0.853553
v -0.366205 0.290285 0.884097
v -0.375330 0.195090 0.906127
v -0.380841 0.098017 0.919430
v -0.382684 0.000000 0.923879
v -0.380841 -0.098017 0.919430
v -0.375330 -0.195090 0.906127
v -0.366205 -0.290285 0.884097
v -0.353553 -0.382683 0.853553
v -0.337497 -0.471397 0.814789
v -0.318190 -0.555570 0.768178
v -0.295818 -0.634393 0.714168
v -0.270598 -0.707107 0.653281
v -0.242772 -0.773010 0.586103
v -0.212608 -0.831470 0.513280
v -0.180396 -0.881921 0.435514
v -0.146447 -0.923880 0.353553
v -0.111087 -0.956940 0.268188
v -0.074658 -0.980785 0.180240
v -0.037510 -0.995185 0.090556
v -0.046205 0.995185 0.086443
v -0.091965 0.980785 0.172054
v -0.136839 0.956940 0.256008
v -0.180396 0.923880 0.337496
v -0.222215 0.881921 0.415735
v -0.261894 0.831470 0.489970
v -0.299051 0.773010 0.559485
v -0.333328 0.707107 0.623612
v -0.364394 0.634393 0.681734
v -0.391952 0.555570 0.733291
v -0.415735 0.471397 0.777785
v -0.435514 0.382683 0.814789
v -0.451099 0.290285 0.843946
v -0.462339 0.195090 0.864975
v -0.469127 0.098017 0.877674
v -0.471397 0.000000 0.881921
v -0.469127 -0.098017 0.877674
v -0.462339 -0.195090 0.864975
v -0.451099 -0.290285 0.843946
v -0.435514 -0.382683 0.814789
v -0.415735 -0.471397 0.777785
v -0.391952 -0.555570 0.733291
v -0.364394 -0.634393 0.681734
v -0.333328 -0.707107 0.623612
v -0.299051 -0.773010 0.559485
v -0.261894 -0.831470 0.489970
v -0.222215 -0.881921 0.415735
v -0.180396 -0.923880 0.337496
v -0.136839 -0.956940 0.256008
v -0.091965 -0.980785 0.172054
v -0.046205 -0.995185 0.086443
v -0.054455 0.995185 0.081498
v -0.108386 0.980785 0.162212
v -0.161274 0.956940 0.241363
v -0.212607 0.923880 0.318189
v -0.261894 0.881921 0.391952
v -0.308658 0.831470 0.461940
v -0.352450 0.773010 0.527479
v -0.392848 0.707107 0.587938
v -0.429461 0.634393 0.642735
v -0.461940 0.555570 0.691342
v -0.489969 0.471397 0.733290
v -0.513280 0.382683 0.768177
v -0.531648 0.290285 0.795667
v -0.544895 0.195090 0.815493
v -0.552895 0.098017 0.827466
v -0.555570 0.000000 0.831469
v -0.552895 -0.098017 0.827466
v -0.544895 -0.195090 0.815493
v -0.531648 -0.290285 0.795667
v -0.513280 -0.382683 0.768177
v -0.489969 -0.471397 0.733290
v -0.461940 -0.555570 0.691342
v -0.429461 -0.634393 0.642735
v -0.392848 -0.707107 0.587938
v -0.352450 -0.773010 0.527479
v -0.308658 -0.831470 0.461940
v -0.261894 -0.881921 0.391952
v -0.212607 -0.923880 0.318189
v -0.161274 -0.956940 0.241363
v -0.108386 -0.980785 0.162212
v -0.054455 -0.995185 0.081498
v -0.062181 0.995185 0.075768
v -0.123764 0.980785 0.150807
v -0.184155 0.956940 0.224393
v -0.242772 0.923880 0.295818
v -0.299051 0.881921 0.364394
v -0.352450 0.831470 0.429462
v -0.402455 0.773010 0.490393
v -0.448584 0.707107 0.546601
v -0.490392 0.634393 0.597545
v -0.527479 0.555570 0.642735
v -0.559485 0.471397 0.681734
v -0.586103 0.382683 0.714168
v -0.607077 0.290285 0.739725
v -0.622204 0.195090 0.758157
v -0.631338 0.098017 0.769288
v -0.634393 0.000000 0.773010
v -0.631338 -0.098017 0.769288
v -0.622204 -0.195090 0.758157
v -0.607077 -0.290285 0.739725
v -0.586103 -0.382683 0.714168
v -0.559485 -0.471397 0.681734
v -0.527479 -0.555570 0.642735
v -0.490392 -0.634393 0.597545
v -0.448584 -0.707107 0.546601
v -0.402455 -0.773010 0.490393
v -0.352450 -0.831470 0.429462
v -0.299051 -0.881921 0.364394
v -0.242772 -0.923880 0.295818
v -0.184155 -0.956940 0.224393
v -0.123764 -0.980785 0.150807
v -0.062181 -0.995185 0.075768
v 0.000000 -1.000000 0.000000
v -0.069309 0.995185 0.069309
v -0.137950 0.980785 0.137950
v -0.205262 0.956940 0.205262
v -0.270598 0.923880 0.270598
v -0.333328 0.881921 0.333328
v -0.392848 0.831470 0.392848
v -0.448584 0.773010 0.448584
v -0.500000 0.707107 0.500000
v -0.546601 0.634393 0.546601
v -0.587938 0.555570 0.587938
v -0.623612 0.471397 0.623612
v -0.653281 0.382683 0.653281
v -0.676659 0.290285 0.676659
v -0.693520 0.195090 0.693520
v -0.703702 0.098017 0.703702
v -0.707107 0.000000 0.707106
v -0.703702 -0.098017 0.703702
v -0.693520 -0.195090 0.693520
v -0.676659 -0.290285 0.676659
v -0.653281 -0.382683 0.653281
v -0.623612 -0.471397 0.623612
v -0.587938 -0.555570 0.587938
v -0.546601 -0.634393 0.546601
v -0.500000 -0.707107 0.500000
v -0.448584 -0.773010 0.448584
v -0.392848 -0.831470 0.392848
v -0.333328 -0.881921 0.333328
v -0.270598 -0.923880 0.270598
v -0.205262 -0.956940 0.205262
v -0.137950 -0.980785 0.137950
v -0.069309 -0.995185 0.069309
v -0.075768 0.995185 0.062181
v -0.150807 0.980785 0.123764
v -0.224393 0.956940 0.184155
v -0.295818 0.923880 0.242772
v -0.364394 0.881921 0.299051
v -0.429462 0.831470 0.352450
v -0.490393 0.773010 0.402455
v -0.546601 0.707107 0.448584
v -0.597545 0.634393 0.490393
v -0.642735 0.555570 0.527479
v -0.681734 0.471397 0.559485
v -0.714168 0.382683 0.586103
v -0.739725 0.290285 0.607076
v -0.758157 0.195090 0.622203
v -0.769288 0.098017 0.631338
v -0.773010 0.000000 0.634393
v -0.769288 -0.098017 0.631338
v -0.758157 -0.195090 0.622203
v -0.739725 -0.290285 0.607076
v -0.714168 -0.382683 0.586103
v -0.681734 -0.471397 0.559485
v -0.642735 -0.555570 0.527479
v -0.597545 -0.634393 0.490393
v -0.546601 -0.707107 0.448584
v -0.490393 -0.773010 0.402455
v -0.429462 -0.831470 0.352450
v -0.364394 -0.881921 0.299051
v -0.295818 -0.923880 0.242772
v -0.224393 -0.956940 0.184155
v -0.150807 -0.980785 0.123764
v -0.075768 -0.995185 0.062181
v -0.081498 0.995185 0.054455
v -0.162212 0.980785 0.108386
v -0.241363 0.956940 0.161274
v -0.318189 0.923880 0.212607
v -0.391952 0.881921 0.261894
v -0.461940 0.831470 0.308659
v -0.527479 0.773010 0.352450
v -0.587938 0.707107 0.392847
v -0.642734 0.634393 0.429462
v -0.691342 0.555570 0.461940
v -0.733290 0.471397 0.489969
v -0.768177 0.382683 0.513280
v -0.795667 0.290285 0.531647
v -0.815493 0.195090 0.544895
v -0.827466 0.098017 0.552895
v -0.831470 0.000000 0.555570
v -0.827466 -0.098017 0.552895
v -0.815493 -0.195090 0.544895
v -0.795667 -0.290285 0.531647
v -0.768177 -0.382683 0.513280
v -0.733290 -0.471397 0.489969
v -0.691342 -0.555570 0.461940
v -0.642734 -0.634393 0.429462
v -0.587938 -0.707107 0.392847
v -0.527479 -0.773010 0.352450
v -0.461940 -0.831470 0.308659
v -0.391952 -0.881921 0.261894
v -0.318189 -0.923880 0.212607
v -0.241363 -0.956940 0.161274
v -0.162212 -0.980785 0.108386
v -0.081498 -0.995185 0.054455
v -0.086443 0.995185 0.046205
v -0.172054 0.980785 0.091965
v -0.256008 0.956940 0.136839
v -0.337496 0.923880 0.180396
v -0.415735 0.881921 0.222215
v -0.489969 0.831470 0.261894
v -0.559485 0.773010 0.299051
v -0.623612 0.707107 0.333328
v -0.681734 0.634393 0.364395
v -0.733291 0.555570 0.391952
v -0.777785 0.471397 0.415735
v -0.814789 0.382683 0.435513
v -0.843946 0.290285 0.451098
v -0.864975 0.195090 0.462339
v -0.877674 0.098017 0.469127
v -0.881921 0.000000 0.471396
v -0.877674 -0.098017 0.469127
v -0.864975 -0.195090 0.462339
v -0.843946 -0.290285 0.451098
v -0.814789 -0.382683 0.435513
v -0.777785 -0.471397 0.415735
v -0.733291 -0.555570 0.391952
v -0.681734 -0.634393 0.364395
v -0.623612 -0.707107 0.333328
v -0.559485 -0.773010 0.299051
v -0.489969 -0.831470 0.261894
v -0.415735 -0.881921 0.222215
v -0.337496 -0.923880 0.180396
v -0.256008 -0.956940 0.136839
v -0.172054 -0.980785 0.091965
v -0.086443 -0.995185 0.046205
v -0.090556 0.995185 0.037509
v -0.180240 0.980785 0.074658
v -0.268188 0.956940 0.111087
v -0.353553 0.923880 0.146446
v -0.435514 0.881921 0.180396
v -0.513280 0.831470 0.212608
v -0.586103 0.773010 0.242772
v -0.653281 0.707107 0.270598
v -0.714168 0.634393 0.295818
v -0.768178 0.555570 0.318190
v -0.814789 0.471397 0.337496
v -0.853553 0.382683 0.353553
v -0.884098 0.290285 0.366205
v -0.906127 0.195090 0.375330
v -0.919431 0.098017 0.380840
v -0.923879 0.000000 0.382683
v -0.919431 -0.098017 0.380840
v -0.906127 -0.195090 0.375330
v -0.884098 -0.290285 0.366205
v -0.853553 -0.382683 0.353553
v -0.814789 -0.471397 0.337496
v -0.768178 -0.555570 0.318190
v -0.714168 -0.634393 0.295818
v -0.653281 -0.707107 0.270598
v -0.586103 -0.773010 0.242772
v -0.513280 -0.831470 0.212608
v -0.435514 -0.881921 0.180396
v -0.353553 -0.923880 0.146446
v -0.268188 -0.956940 0.111087
v -0.180240 -0.980785 0.074658
v -0.090556 -0.995185 0.037509
v -0.093796 0.995185 0.028453
v -0.186690 0.980785 0.056632
v -0.277785 0.956940 0.084265
v -0.366205 0.923880 0.111087
v -0.451098 0.881921 0.136839
v -0.531648 0.831470 0.161274
v -0.607076 0.773010 0.184155
v -0.676659 0.707107 0.205262
v -0.739725 0.634393 0.224393
v -0.795667 0.555570 0.241363
v -0.843946 0.471397 0.256008
v -0.884097 0.382683 0.268188
v -0.915735 0.290285 0.277785
v -0.938553 0.195090 0.284707
v -0.952332 0.098017 0.288887
v -0.956940 0.000000 0.290284
v -0.952332 -0.098017 0.288887
v -0.938553 -0.195090 0.284707
v -0.915735 -0.290285 0.277785
v -0.884097 -0.382683 0.268188
v -0.843946 -0.471397 0.256008
v -0.795667 -0.555570 0.241363
v -0.739725 -0.634393 0.224393
v -0.676659 -0.707107 0.205262
v -0.607076 -0.773010 0.184155
v -0.531648 -0.831470 0.161274
v -0.451098 -0.881921 0.136839
v -0.366205 -0.923880 0.111087
v -0.277785 -0.956940 0.084265
v -0.186690 -0.980785 0.056632
v -0.093796 -0.995185 0.028453
v -0.096134 0.995185 0.019122
v -0.191342 0.980785 0.038060
v -0.284707 0.956940 0.056632
v -0.375330 0.923880 0.074658
v -0.462339 0.881921 0.091965
v -0.544895 0.831470 0.108386
v -0.622204 0.773010 0.123764
v -0.693520 0.707107 0.137949
v -0.758157 0.634393 0.150807
v -0.815493 0.555570 0.162212
v -0.864975 0.471397 0.172054
v -0.906127 0.382683 0.180240
v -0.938553 0.290285 0.186690
v -0.961940 0.195090 0.191342
v -0.976062 0.098017 0.194151
v -0.980785 0.000000 0.195090
v -0.976062 -0.098017 0.194151
v -0.961940 -0.195090 0.191342
v -0.938553 -0.290285 0.186690
v -0.906127 -0.382683 0.180240
v -0.864975 -0.471397 0.172054
v -0.815493 -0.555570 0.162212
v -0.758157 -0.634393 0.150807
v -0.693520 -0.707107 0.137949
v -0.622204 -0.773010 0.123764
v -0.544895 -0.831470 0.108386
v -0.462339 -0.881921 0.091965
v -0.375330 -0.923880 0.074658
v -0.284707 -0.956940 0.056632
v -0.191342 -0.980785 0.038060
v -0.096134 -0.995185 0.019122
v -0.097545 0.995185 0.009607
v -0.194151 0.980785 0.019122
v -0.288887 0.956940 0.028453
v -0.380840 0.923880 0.037509
v -0.469127 0.881921 0.046205
v -0.552895 0.831470 0.054455
v -0.631338 0.773010 0.062181
v -0.703702 0.707107 0.069308
v -0.769288 0.634393 0.075768
v -0.827466 0.555570 0.081498
v -0.877674 0.471397 0.086443
v -0.919430 0.382683 0.090556
v -0.952332 0.290285 0.093796
v -0.976062 0.195090 0.096134
v -0.990392 0.098017 0.097545
v -0.995184 0.000000 0.098017
v -0.990392 -0.098017 0.097545
v -0.976062 -0.195090 0.096134
v -0.952332 -0.290285 0.093796
v -0.919430 -0.382683 0.090556
v -0.877674 -0.471397 0.086443
v -0.827466 -0.555570 0.081498
v -0.769288 -0.634393 0.075768
v -0.703702 -0.707107 0.069308
v -0.631338 -0.773010 0.062181
v -0.552895 -0.831470 0.054455
v -0.469127 -0.881921 0.046205
v -0.380840 -0.923880 0.037509
v -0.288887 -0.956940 0.028453
v -0.194151 -0.980785 0.019122
v -0.097545 -0.995185 0.009607
v -0.098017 0.995185 -0.000000
v -0.195090 0.980785 0.000000
v -0.290285 0.956940 -0.000000
v -0.382683 0.923880 -0.000000
v -0.471396 0.881921 -0.000000
v -0.555571 0.831470 0.000000
v -0.634393 0.773010 0.000000
v -0.707107 0.707107 -0.000000
v -0.773010 0.634393 0.000000
v -0.831470 0.555570 0.000000
v -0.881921 0.471397 -0.000000
v -0.923879 0.382683 -0.000000
v -0.956940 0.290285 -0.000000
v -0.980785 0.195090 -0.000000
v -0.995184 0.098017 -0.000000
v -1.000000 0.000000 -0.000000
v -0.995184 -0.098017 -0.000000
v -0.980785 -0.195090 -0.000000
v -0.956940 -0.290285 -0.000000
v -0.923879 -0.382683 -0.000000
v -0.881921 -0.471397 -0.000000
v -0.831470 -0.555570 0.000000
v -0.773010 -0.634393 0.000000
v -0.707107 -0.707107 -0.000000
v -0.634393 -0.773010 0.000000
v -0.555571 -0.831470 0.000000
v -0.471396 -0.881921 -0.000000
v -0.382683 -0.923880 -0.000000
v -0.290285 -0.956940 -0.000000
v -0.195090 -0.980785 0.000000
v -0.098017 -0.995185 -0.000000
v -0.097545 0.995185 -0.009607
v -0.194151 0.980785 -0.019122
v -0.288887 0.956940 -0.028453
v -0.380840 0.923880 -0.037510
v -0.469127 0.881921 -0.046205
v -0.552895 0.831470 -0.054455
v -0.631338 0.773010 -0.062181
v -0.703702 0.707107 -0.069309
v -0.769288 0.634393 -0.075768
v -0.827466 0.555570 -0.081498
v -0.877674 0.471397 -0.086443
v -0.919430 0.382683 -0.090556
v -0.952332 0.290285 -0.093797
v -0.976062 0.195090 -0.096134
v -0.990392 0.098017 -0.097545
v -0.995184 0.000000 -0.098017
v -0.990392 -0.098017 -0.097545
v -0.976062 -0.195090 -0.096134
v -0.952332 -0.290285 -0.093797
v -0.919430 -0.382683 -0.090556
v -0.877674 -0.471397 -0.086443
v -0.827466 -0.555570 -0.081498
v -0.769288 -0.634393 -0.075768
v -0.703702 -0.707107 -0.069309
v -0.631338 -0.773010 -0.062181
v -0.552895 -0.831470 -0.054455
v -0.469127 -0.881921 -0.046205
v -0.380840 -0.923880 -0.037510
v -0.288887 -0.956940 -0.028453
v -0.194151 -0.980785 -0.019122
v -0.097545 -0.995185 -0.009607
v -0.096134 0.995185 -0.019122
v -0.191342 0.980785 -0.038060
v -0.284707 0.956940 -0.056632
v -0.375330 0.923880 -0.074658
v -0.462339 0.881921 -0.091965
v -0.544896 0.831470 -0.108386
v -0.622204 0.773010 -0.123764
v -0.693520 0.707107 -0.137950
v -0.758157 0.634393 -0.150807
v -0.815493 0.555570 -0.162212
v -0.864975 0.471397 -0.172054
v -0.906127 0.382683 -0.180240
v -0.938553 0.290285 -0.186690
v -0.961940 0.195090 -0.191342
v -0.976062 0.098017 -0.194151
v -0.980785 0.000000 -0.195091
v -0.976062 -0.098017 -0.194151
v -0.961940 -0.195090 -0.191342
v -0.938553 -0.290285 -0.186690
v -0.906127 -0.382683 -0.180240
v -0.864975 -0.471397 -0.172054
v -0.815493 -0.555570 -0.162212
v -0.758157 -0.634393 -0.150807
v -0.693520 -0.707107 -0.137950
v -0.622204 -0.773010 -0.123764
v -0.544896 -0.831470 -0.108386
v -0.462339 -0.881921 -0.091965
v -0.375330 -0.923880 -0.074658
v -0.284707 -0.956940 -0.056632
v -0.191342 -0.980785 -0.038060
v -0.096134 -0.995185 -0.019122
v -0.093796 0.995185 -0.028453
v -0.186690 0.980785 -0.056632
v -0.277785 0.956940 -0.084265
v -0.366205 0.923880 -0.111087
v -0.451098 0.881921 -0.136839
v -0.531648 0.831470 -0.161274
v -0.607076 0.773010 -0.184155
v -0.676659 0.707107 -0.205262
v -0.739725 0.634393 -0.224393
v -0.795667 0.555570 -0.241363
v -0.843946 0.471397 -0.256008
v -0.884097 0.382683 -0.268188
v -0.915735 0.290285 -0.277785
v -0.938553 0.195090 -0.284707
v -0.952332 0.098017 -0.288887
v -0.956940 0.000000 -0.290285
v -0.952332 -0.098017 -0.288887
v -0.938553 -0.195090 -0.284707
v -0.915735 -0.290285 -0.277785
v -0.884097 -0.382683 -0.268188
v -0.843946 -0.471397 -0.256008
v -0.795667 -0.555570 -0.241363
v -0.739725 -0.634393 -0.224393
v -0.676659 -0.707107 -0.205262
v -0.607076 -0.773010 -0.184155
v -0.531648 -0.831470 -0.161274
v -0.451098 -0.881921 -0.136839
v -0.366205 -0.923880 -0.111087
v -0.277785 -0.956940 -0.084265
v -0.186690 -0.980785 -0.056632
v -0.093796 -0.995185 -0.028453
v -0.090556 0.995185 -0.037510
v -0.180240 0.980785 -0.074658
v -0.268188 0.956940 -0.111087
v -0.353553 0.923880 -0.146446
v -0.435514 0.881921 -0.180396
v -0.513280 0.831470 -0.212608
v -0.586103 0.773010 -0.242772
v -0.653281 0.707107 -0.270598
v -0.714168 0.634393 -0.295818
v -0.768178 0.555570 -0.318190
v -0.814789 0.471397 -0.337497
v -0.853553 0.382683 -0.353553
v -0.884098 0.290285 -0.366205
v -0.906127 0.195090 -0.375330
v -0.919430 0.098017 -0.380841
v -0.923879 0.000000 -0.382684
v -0.919430 -0.098017 -0.380841
v -0.906127 -0.195090 -0.375330
v -0.884098 -0.290285 -0.366205
v -0.853553 -0.382683 -0.353553
v -0.814789 -0.471397 -0.337497
v -0.768178 -0.555570 -0.318190
v -0.714168 -0.634393 -0.295818
v -0.653281 -0.707107 -0.270598
v -0.586103 -0.773010 -0.242772
v -0.513280 -0.831470 -0.212608
v -0.435514 -0.881921 -0.180396
v -0.353553 -0.923880 -0.146446
v -0.268188 -0.956940 -0.111087
v -0.180240 -0.980785 -0.074658
v -0.090556 -0.995185 -0.037510
v -0.086443 0.995185 -0.046205
v -0.172054 0.980785 -0.091965
v -0.256008 0.956940 -0.136839
v -0.337496 0.923880 -0.180396
v -0.415735 0.881921 -0.222215
v -0.489970 0.831470 -0.261894
v -0.559485 0.773010 -0.299051
v -0.623612 0.707107 -0.333328
v -0.681734 0.634393 -0.364394
v -0.733291 0.555570 -0.391952
v -0.777785 0.471397 -0.415735
v -0.814788 0.382683 -0.435514
v -0.843946 0.290285 -0.451099
v -0.864975 0.195090 -0.462339
v -0.877674 0.098017 -0.469127
v -0.881921 0.000000 -0.471397
v -0.877674 -0.098017 -0.469127
v -0.864975 -0.195090 -0.462339
v -0.843946 -0.290285 -0.451099
v -0.814788 -0.382683 -0.435514
v -0.777785 -0.471397 -0.415735
v -0.733291 -0.555570 -0.391952
v -0.681734 -0.634393 -0.364394
v -0.623612 -0.707107 -0.333328
v -0.559485 -0.773010 -0.299051
v -0.489970 -0.831470 -0.261894
v -0.415735 -0.881921 -0.222215
v -0.337496 -0.923880 -0.180396
v -0.256008 -0.956940 -0.136839
v -0.172054 -0.980785 -0.091965
v -0.086443 -0.995185 -0.046205
v -0.081498 0.995185 -0.054455
v -0.162212 0.980785 -0.108386
v -0.241363 0.956940 -0.161274
v -0.318189 0.923880 -0.212607
v -0.391952 0.881921 -0.261894
v -0.461940 0.831470 -0.308659
v -0.527479 0.773010 -0.352450
v -0.587938 0.707107 -0.392847
v -0.642735 0.634393 -0.429461
v -0.691342 0.555570 -0.461940
v -0.733290 0.471397 -0.489969
v -0.768177 0.382683 -0.513280
v -0.795667 0.290285 -0.531648
v -0.815493 0.195090 -0.544895
v -0.827465 0.098017 -0.552895
v -0.831469 0.000000 -0.555570
v -0.827465 -0.098017 -0.552895
v -0.815493 -0.195090 -0.544895
v -0.795667 -0.290285 -0.531648
v -0.768177 -0.382683 -0.513280
v -0.733290 -0.471397 -0.489969
v -0.691342 -0.555570 -0.461940
v -0.642735 -0.634393 -0.429461
v -0.587938 -0.707107 -0.392847
v -0.527479 -0.773010 -0.352450
v -0.461940 -0.831470 -0.308659
v -0.391952 -0.881921 -0.261894
v -0.318189 -0.923880 -0.212607
v -0.241363 -0.956940 -0.161274
v -0.162212 -0.980785 -0.108386
v -0.081498 -0.995185 -0.054455
v -0.075768 0.995185 -0.062181
v -0.150807 0.980785 -0.123764
v -0.224393 0.956940 -0.184155
v -0.295818 0.923880 -0.242772
v -0.364394 0.881921 -0.299051
v -0.429462 0.831470 -0.352450
v -0.490393 0.773010 -0.402455
v -0.546601 0.707107 -0.448584
v -0.597545 0.634393 -0.490392
v -0.642735 0.555570 -0.527479
v -0.681734 0.471397 -0.559485
v -0.714168 0.382683 -0.586103
v -0.739725 0.290285 -0.607077
v -0.758157 0.195090 -0.622204
v -0.769288 0.098017 -0.631338
v -0.773010 0.000000 -0.634393
v -0.769288 -0.098017 -0.631338
v -0.758157 -0.195090 -0.622204
v -0.739725 -0.290285 -0.607077
v -0.714168 -0.382683 -0.586103
v -0.681734 -0.471397 -0.559485
v -0.642735 -0.555570 -0.527479
v -0.597545 -0.634393 -0.490392
v -0.546601 -0.707107 -0.448584
v -0.490393 -0.773010 -0.402455
v -0.429462 -0.831470 -0.352450
v -0.364394 -0.881921 -0.299051
v -0.295818 -0.923880 -0.242772
v -0.224393 -0.956940 -0.184155
v -0.150807 -0.980785 -0.123764
v -0.075768 -0.995185 -0.062181
v -0.069309 0.995185 -0.069309
v -0.137950 0.980785 -0.137950
v -0.205262 0.956940 -0.205262
v -0.270598 0.923880 -0.270598
v -0.333328 0.881921 -0.333328
v -0.392848 0.831470 -0.392848
v -0.448584 0.773010 -0.448584
v -0.500000 0.707107 -0.500000
v -0.546601 0.634393 -0.546601
v -0.587938 0.555570 -0.587938
v -0.623612 0.471397 -0.623612
v -0.653281 0.382683 -0.653281
v -0.676659 0.290285 -0.676659
v -0.693520 0.195090 -0.693520
v -0.703702 0.098017 -0.703702
v -0.707106 0.000000 -0.707107
v -0.703702 -0.098017 -0.703702
v -0.693520 -0.195090 -0.693520
v -0.676659 -0.290285 -0.676659
v -0.653281 -0.382683 -0.653281
v -0.623612 -0.471397 -0.623612
v -0.587938 -0.555570 -0.587938
v -0.546601 -0.634393 -0.546601
v -0.500000 -0.707107 -0.500000
v -0.448584 -0.773010 -0.448584
v -0.392848 -0.831470 -0.392848
v -0.333328 -0.881921 -0.333328
v -0.270598 -0.923880 -0.270598
v -0.205262 -0.956940 -0.205262
v -0.137950 -0.980785 -0.137950
v -0.069309 -0.995185 -0.069309
v -0.062181 0.995185 -0.075768
v -0.123764 0.980785 -0.150807
v -0.184155 0.956940 -0.224393
v -0.242772 0.923880 -0.295818
v -0.299051 0.881921 -0.364394
v -0.352450 0.831470 -0.429462
v -0.402455 0.773010 -0.490393
v -0.448584 0.707107 -0.546601
v -0.490393 0.634393 -0.597545
v -0.527479 0.555570 -0.642735
v -0.559485 0.471397 -0.681734
v -0.586102 0.382683 -0.714168
v -0.607076 0.290285 -0.739725
v -0.622203 0.195090 -0.758157
v -0.631338 0.098017 -0.769288
v -0.634393 0.000000 -0.773010
v -0.631338 -0.098017 -0.769288
v -0.622203 -0.195090 -0.758157
v -0.607076 -0.290285 -0.739725
v -0.586102 -0.382683 -0.714168
v -0.559485 -0.471397 -0.681734
v -0.527479 -0.555570 -0.642735
v -0.490393 -0.634393 -0.597545
v -0.448584 -0.707107 -0.546601
v -0.402455 -0.773010 -0.490393
v -0.352450 -0.831470 -0.429462
v -0.299051 -0.881921 -0.364394
v -0.242772 -0.923880 -0.295818
v -0.184155 -0.956940 -0.224393
v -0.123764 -0.980785 -0.150807
v -0.062181 -0.995185 -0.075768
v -0.054455 0.995185 -0.081498
v -0.108386 0.980785 -0.162212
v -0.161274 0.956940 -0.241363
v -0.212607 0.923880 -0.318189
v -0.261894 0.881921 -0.391952
v -0.308659 0.831470 -0.461940
v -0.352450 0.773010 -0.527479
v -0.392847 0.707107 -0.587938
v -0.429461 0.634393 -0.642734
v -0.461940 0.555570 -0.691342
v -0.489969 0.471397 -0.733290
v -0.513280 0.382683 -0.768177
v -0.531647 0.290285 -0.795667
v -0.544895 0.195090 -0.815493
v -0.552895 0.098017 -0.827466
v -0.555570 0.000000 -0.831469
v -0.552895 -0.098017 -0.827466
v -0.544895 -0.195090 -0.815493
v -0.531647 -0.290285 -0.795667
v -0.513280 -0.382683 -0.768177
v -0.489969 -0.471397 -0.733290
v -0.461940 -0.555570 -0.691342
v -0.429461 -0.634393 -0.642734
v -0.392847 -0.707107 -0.587938
v -0.352450 -0.773010 -0.527479
v -0.308659 -0.831470 -0.461940
v -0.261894 -0.881921 -0.391952
v -0.212607 -0.923880 -0.318189
v -0.161274 -0.956940 -0.241363
v -0.108386 -0.980785 -0.162212
v -0.054455 -0.995185 -0.081498
v -0.046205 0.995185 -0.086443
v -0.091965 0.980785 -0.172054
v -0.136839 0.956940 -0.256008
v -0.180396 0.923880 -0.337496
v -0.222215 0.881921 -0.415735
v -0.261894 0.831470 -0.489970
v -0.299051 0.773010 -0.559485
v -0.333328 0.707107 -0.623612
v -0.364395 0.634393 -0.681734
v -0.391952 0.555570 -0.733291
v -0.415735 0.471397 -0.777785
v -0.435513 0.382683 -0.814789
v -0.451098 0.290285 -0.843946
v -0.462339 0.195090 -0.864975
v -0.469127 0.098017 -0.877674
v -0.471396 0.000000 -0.881921
v -0.469127 -0.098017 -0.877674
v -0.462339 -0.195090 -0.864975
v -0.451098 -0.290285 -0.843946
v -0.435513 -0.382683 -0.814789
v -0.415735 -0.471397 -0.777785
v -0.391952 -0.555570 -0.733291
v -0.364395 -0.634393 -0.681734
v -0.333328 -0.707107 -0.623612
v -0.299051 -0.773010 -0.559485
v -0.261894 -0.831470 -0.489970
v -0.222215 -0.881921 -0.415735
v -0.180396 -0.923880 -0.337496
v -0.136839 -0.956940 -0.256008
v -0.091965 -0.980785 -0.172054
v -0.046205 -0.995185 -0.086443
v -0.037509 0.995185 -0.090556
v -0.074658 0.980785 -0.180240
v -0.111087 0.956940 -0.268188
v -0.146446 0.923880 -0.353553
v -0.180396 0.881921 -0.435514
v -0.212608 0.831470 -0.513280
v -0.242772 0.773010 -0.586103
v -0.270598 0.707107 -0.653281
v -0.295818 0.634393 -0.714168
v -0.318190 0.555570 -0.768178
v -0.337496 0.471397 -0.814789
v -0.353553 0.382683 -0.853553
v -0.366205 0.290285 -0.884098
v -0.375330 0.195090 -0.906127
v -0.380840 0.098017 -0.919430
v -0.382683 0.000000 -0.923879
v -0.380840 -0.098017 -0.919430
v -0.375330 -0.195090 -0.906127
v -0.366205 -0.290285 -0.884098
v -0.353553 -0.382683 -0.853553
v -0.337496 -0.471397 -0.814789
v -0.318190 -0.555570 -0.768178
v -0.295818 -0.634393 -0.714168
v -0.270598 -0.707107 -0.653281
v -0.242772 -0.773010 -0.586103
v -0.212608 -0.831470 -0.513280
v -0.180396 -0.881921 -0.435514
v -0.146446 -0.923880 -0.353553
v -0.111087 -0.956940 -0.268188
v -0.074658 -0.980785 -0.180240
v -0.037509 -0.995185 -0.090556
v -0.028453 0.995185 -0.093796
v -0.056632 0.980785 -0.186690
v -0.084265 0.956940 -0.277785
v -0.111087 0.923880 -0.366205
v -0.136839 0.881921 -0.451098
v -0.161274 0.831470 -0.531648
v -0.184155 0.773010 -0.607076
v -0.205262 0.707107 -0.676659
v -0.224393 0.634393 -0.739724
v -0.241363 0.555570 -0.795667
v -0.256008 0.471397 -0.843946
v -0.268188 0.382683 -0.884097
v -0.277785 0.290285 -0.915735
v -0.284707 0.195090 -0.938553
v -0.288887 0.098017 -0.952332
v -0.290284 0.000000 -0.956940
v -0.288887 -0.098017 -0.952332
v -0.284707 -0.195090 -0.938553
v -0.277785 -0.290285 -0.915735
v -0.268188 -0.382683 -0.884097
v -0.256008 -0.471397 -0.843946
v -0.241363 -0.555570 -0.795667
v -0.224393 -0.634393 -0.739724
v -0.205262 -0.707107 -0.676659
v -0.184155 -0.773010 -0.607076
v -0.161274 -0.831470 -0.531648
v -0.136839 -0.881921 -0.451098
v -0.111087 -0.923880 -0.366205
v -0.084265 -0.956940 -0.277785
v -0.056632 -0.980785 -0.186690
v -0.028453 -0.995185 -0.093796
v -0.019122 0.995185 -0.096134
v -0.038060 0.980785 -0.191342
v -0.056632 0.956940 -0.284707
v -0.074658 0.923880 -0.375330
v -0.091965 0.881921 -0.462339
v -0.108386 0.831470 -0.544896
v -0.123764 0.773010 -0.622204
v -0.137950 0.707107 -0.693520
v -0.150807 0.634393 -0.758157
v -0.162212 0.555570 -0.815493
v -0.172054 0.471397 -0.864975
v -0.180240 0.382683 -0.906127
v -0.186690 0.290285 -0.938553
v -0.191342 0.195090 -0.961940
v -0.194151 0.098017 -0.976062
v -0.195090 0.000000 -0.980785
v -0.194151 -0.098017 -0.976062
v -0.191342 -0.195090 -0.961940
v -0.186690 -0.290285 -0.938553
v -0.180240 -0.382683 -0.906127
v -0.172054 -0.471397 -0.864975
v -0.162212 -0.555570 -0.815493
v -0.150807 -0.634393 -0.758157
v -0.137950 -0.707107 -0.693520
v -0.123764 -0.773010 -0.622204
v -0.108386 -0.831470 -0.544896
v -0.091965 -0.881921 -0.462339
v -0.074658 -0.923880 -0.375330
v -0.056632 -0.956940 -0.284707
v -0.038060 -0.980785 -0.191342
v -0.019122 -0.995185 -0.096134
v -0.009607 0.995185 -0.097545
v -0.019122 0.980785 -0.194151
v -0.028453 0.956940 -0.288887
v -0.037509 0.923880 -0.380840
v -0.046205 0.881921 -0.469127
v -0.054455 0.831470 -0.552896
v -0.062181 0.773010 -0.631338
v -0.069308 0.707107 -0.703702
v -0.075768 0.634393 -0.769288
v -0.081499 0.555570 -0.827466
v -0.086443 0.471397 -0.877674
v -0.090556 0.382683 -0.919430
v -0.093796 0.290285 -0.952332
v -0.096134 0.195090 -0.976062
v -0.097545 0.098017 -0.990392
v -0.098017 0.000000 -0.995184
v -0.097545 -0.098017 -0.990392
v -0.096134 -0.195090 -0.976062
v -0.093796 -0.290285 -0.952332
v -0.090556 -0.382683 -0.919430
v -0.086443 -0.471397 -0.877674
v -0.081499 -0.555570 -0.827466
v -0.075768 -0.634393 -0.769288
v -0.069308 -0.707107 -0.703702
v -0.062181 -0.773010 -0.631338
v -0.054455 -0.831470 -0.552896
v -0.046205 -0.881921 -0.469127
v -0.037509 -0.923880 -0.380840
v -0.028453 -0.956940 -0.288887
v -0.019122 -0.980785 -0.194151
v -0.009607 -0.995185 -0.097545
v 0.000000 0.923880 -0.382683
v -0.000000 0.831470 -0.555571
v -0.000000 0.773010 -0.634393
v 0.000000 0.707107 -0.707106
v -0.000000 0.634393 -0.773010
v -0.000000 0.555570 -0.831470
v 0.000000 0.195090 -0.980785
v 0.000000 -0.195090 -0.980785
v -0.000000 -0.555570 -0.831470
v -0.000000 -0.634393 -0.773010
v 0.000000 -0.707107 -0.707106
v -0.000000 -0.773010 -0.634393
v -0.000000 -0.831470 -0.555571
v 0.000000 -0.881921 -0.471396
v 0.000000 -0.923880 -0.382683
v 0.000000 -0.980785 -0.195090
vn 0.0476 0.2427 -0.9689
vn 0.0024 0.9988 -0.0491
vn 0.0210 -0.9038 -0.4275
vn 0.0485 0.1466 -0.9880
vn 0.0072 0.9892 -0.1467
vn 0.0165 -0.9414 -0.3368
vn 0.0490 0.0490 -0.9976
vn 0.0119 0.9700 -0.2430
vn 0.0119 -0.9700 -0.2430
vn 0.0490 -0.0490 -0.9976
vn 0.0165 0.9414 -0.3368
vn 0.0072 -0.9892 -0.1467
vn 0.0485 -0.1466 -0.9880
vn 0.0210 0.9038 -0.4275
vn 0.0024 -0.9988 -0.0491
vn 0.0476 -0.2427 -0.9689
vn 0.0252 0.8575 -0.5139
vn 0.0462 -0.3365 -0.9405
vn 0.0293 0.8029 -0.5954
vn 0.0444 -0.4271 -0.9031
vn 0.0330 0.7405 -0.6712
vn 0.0421 -0.5136 -0.8570
vn 0.0364 0.6711 -0.7405
vn 0.0394 -0.5952 -0.8026
vn 0.0394 0.5952 -0.8026
vn 0.0364 -0.6711 -0.7405
vn 0.0421 0.5136 -0.8570
vn 0.0330 -0.7405 -0.6712
vn 0.0444 0.4271 -0.9031
vn 0.0293 -0.8029 -0.5954
vn 0.0462 0.3365 -0.9405
vn 0.0252 -0.8575 -0.5139
vn 0.1088 0.6711 -0.7333
vn 0.1179 -0.5952 -0.7949
vn 0.1179 0.5952 -0.7949
vn 0.1088 -0.6711 -0.7333
vn 0.1259 0.5136 -0.8487
vn 0.0986 -0.7405 -0.6647
vn 0.1327 0.4271 -0.8944
vn 0.0875 -0.8029 -0.5897
vn 0.1382 0.3365 -0.9315
vn 0.0755 -0.8575 -0.5090
vn 0.1423 0.2427 -0.9596
vn 0.0072 0.9988 -0.0486
vn 0.0628 -0.9038 -0.4233
vn 0.1451 0.1466 -0.9785
vn 0.0216 0.9892 -0.1453
vn 0.0495 -0.9414 -0.3336
vn 0.1466 0.0490 -0.9880
vn 0.0357 0.9700 -0.2406
vn 0.0357 -0.9700 -0.2406
vn 0.1466 -0.0490 -0.9880
vn 0.0495 0.9414 -0.3336
vn 0.0216 -0.9892 -0.1453
vn 0.1451 -0.1466 -0.9785
vn 0.0628 0.9038 -0.4233
vn 0.0072 -0.9988 -0.0486
vn 0.1423 -0.2427 -0.9596
vn 0.0755 0.8575 -0.5090
vn 0.1382 -0.3365 -0.9315
vn 0.0875 0.8029 -0.5897
vn 0.1327 -0.4271 -0.8944
vn 0.0986 0.7405 -0.6647
vn 0.1259 -0.5136 -0.8487
vn 0.2085 0.5136 -0.8323
vn 0.1633 -0.7405 -0.6519
vn 0.2197 0.4271 -0.8771
vn 0.1449 -0.8029 -0.5783
vn 0.2288 0.3365 -0.9135
vn 0.1250 -0.8575 -0.4991
vn 0.2357 0.2427 -0.9410
vn 0.0119 0.9988 -0.0477
vn 0.1040 -0.9038 -0.4152
vn 0.2404 0.1466 -0.9596
vn 0.0357 0.9892 -0.1425
vn 0.0819 -0.9414 -0.3271
vn 0.2427 0.0490 -0.9689
vn 0.0591 0.9700 -0.2360
vn 0.0591 -0.9700 -0.2360
vn 0.2427 -0.0490 -0.9689
vn 0.0819 0.9414 -0.3271
vn 0.0357 -0.9892 -0.1425
vn 0.2404 -0.1466 -0.9596
vn 0.1040 0.9038 -0.4152
vn 0.0119 -0.9988 -0.0477
vn 0.2357 -0.2427 -0.9410
vn 0.1250 0.8575 -0.4991
vn 0.2288 -0.3365 -0.9135
vn 0.1449 0.8029 -0.5783
vn 0.2197 -0.4271 -0.8771
vn 0.1633 0.7405 -0.6519
vn 0.2085 -0.5136 -0.8323
vn 0.1801 0.6711 -0.7191
vn 0.1952 -0.5952 -0.7795
vn 0.1952 0.5952 -0.7795
vn 0.1801 -0.6711 -0.7191
vn 0.3172 0.3365 -0.8866
vn 0.1733 -0.8575 -0.4845
vn 0.3268 0.2427 -0.9134
vn 0.0165 0.9988 -0.0463
vn 0.1442 -0.9038 -0.4030
vn 0.3333 0.1466 -0.9314
vn 0.0495 0.9892 -0.1383
vn 0.1136 -0.9414 -0.3175
vn 0.3365 0.0490 -0.9404
vn 0.0820 0.9700 -0.2290
vn 0.0820 -0.9700 -0.2290
vn 0.3365 -0.0490 -0.9404
vn 0.1136 0.9414 -0.3175
vn 0.0495 -0.9892 -0.1383
vn 0.3333 -0.1466 -0.9314
vn 0.1442 0.9038 -0.4030
vn 0.0165 -0.9988 -0.0463
vn 0.3268 -0.2427 -0.9134
vn 0.1733 0.8575 -0.4845
vn 0.3172 -0.3365 -0.8866
vn 0.2008 0.8029 -0.5613
vn 0.3046 -0.4271 -0.8513
vn 0.2264 0.7405 -0.6327
vn 0.2891 -0.5136 -0.8078
vn 0.2498 0.6711 -0.6980
vn 0.2707 -0.5952 -0.7566
vn 0.2707 0.5952 -0.7566
vn 0.2498 -0.6711 -0.6980
vn 0.2891 0.5136 -0.8078
vn 0.2264 -0.7405 -0.6327
vn 0.3046 0.4271 -0.8513
vn 0.2008 -0.8029 -0.5613
vn 0.4229 0.1466 -0.8942
vn 0.0628 0.9892 -0.1328
vn 0.1442 -0.9414 -0.3049
vn 0.4270 0.0490 -0.9029
vn 0.1040 0.9700 -0.2199
vn 0.1040 -0.9700 -0.2199
vn 0.4270 -0.0490 -0.9029
vn 0.1442 0.9414 -0.3049
vn 0.0628 -0.9892 -0.1328
vn 0.4229 -0.1466 -0.8942
vn 0.1830 0.9038 -0.3869
vn 0.0210 -0.9988 -0.0444
vn 0.4148 -0.2427 -0.8770
vn 0.2200 0.8575 -0.4652
vn 0.4026 -0.3365 -0.8513
vn 0.2549 0.8029 -0.5389
vn 0.3866 -0.4271 -0.8174
vn 0.2873 0.7405 -0.6075
vn 0.3668 -0.5136 -0.7756
vn 0.3170 0.6711 -0.6702
vn 0.3436 -0.5952 -0.7264
vn 0.3436 0.5952 -0.7264
vn 0.3170 -0.6711 -0.6702
vn 0.3668 0.5136 -0.7756
vn 0.2873 -0.7405 -0.6075
vn 0.3866 0.4271 -0.8174
vn 0.2549 -0.8029 -0.5389
vn 0.4026 0.3365 -0.8513
vn 0.2200 -0.8575 -0.4652
vn 0.4148 0.2427 -0.8770
vn 0.0210 0.9988 -0.0444
vn 0.1830 -0.9038 -0.3869
vn 0.5135 -0.0490 -0.8567
vn 0.1734 0.9414 -0.2893
vn 0.0755 -0.9892 -0.1260
vn 0.5086 -0.1466 -0.8485
vn 0.2200 0.9038 -0.3671
vn 0.0253 -0.9988 -0.0421
vn 0.4987 -0.2427 -0.8321
vn 0.2645 0.8575 -0.4414
vn 0.4841 -0.3365 -0.8077
vn 0.3065 0.8029 -0.5113
vn 0.4648 -0.4271 -0.7755
vn 0.3455 0.7405 -0.5764
vn 0.4411 -0.5136 -0.7359
vn 0.3811 0.6711 -0.6359
vn 0.4131 -0.5952 -0.6892
vn 0.4131 0.5952 -0.6892
vn 0.3811 -0.6711 -0.6359
vn 0.4411 0.5136 -0.7359
vn 0.3455 -0.7405 -0.5764
vn 0.4648 0.4271 -0.7755
vn 0.3065 -0.8029 -0.5113
vn 0.4841 0.3365 -0.8077
vn 0.2645 -0.8575 -0.4414
vn 0.4987 0.2427 -0.8321
vn 0.0253 0.9988 -0.0421
vn 0.2200 -0.9038 -0.3671
vn 0.5086 0.1466 -0.8485
vn 0.0755 0.9892 -0.1260
vn 0.1734 -0.9414 -0.2893
vn 0.5135 0.0490 -0.8567
vn 0.1251 0.9700 -0.2086
vn 0.1251 -0.9700 -0.2086
vn 0.5779 -0.2427 -0.7792
vn 0.3065 0.8575 -0.4133
vn 0.5610 -0.3365 -0.7564
vn 0.3551 0.8029 -0.4788
vn 0.5386 -0.4271 -0.7263
vn 0.4003 0.7405 -0.5398
vn 0.5111 -0.5136 -0.6892
vn 0.4416 0.6711 -0.5955
vn 0.4787 -0.5952 -0.6454
vn 0.4787 0.5952 -0.6454
vn 0.4416 -0.6711 -0.5955
vn 0.5111 0.5136 -0.6892
vn 0.4003 -0.7405 -0.5398
vn 0.5386 0.4271 -0.7263
vn 0.3551 -0.8029 -0.4788
vn 0.5610 0.3365 -0.7564
vn 0.3065 -0.8575 -0.4133
vn 0.5779 0.2427 -0.7792
vn 0.0293 0.9988 -0.0395
vn 0.2549 -0.9038 -0.3438
vn 0.5893 0.1466 -0.7945
vn 0.0875 0.9892 -0.1180
vn 0.2009 -0.9414 -0.2709
vn 0.5950 0.0490 -0.8022
vn 0.1449 0.9700 -0.1954
vn 0.1449 -0.9700 -0.1954
vn 0.5950 -0.0490 -0.8022
vn 0.2009 0.9414 -0.2709
vn 0.0875 -0.9892 -0.1180
vn 0.5893 -0.1466 -0.7945
vn 0.2549 0.9038 -0.3438
vn 0.0293 -0.9988 -0.0395
vn 0.6072 -0.4271 -0.6700
vn 0.4513 0.7405 -0.4979
vn 0.5762 -0.5136 -0.6357
vn 0.4979 0.6711 -0.5493
vn 0.5396 -0.5952 -0.5954
vn 0.5396 0.5952 -0.5954
vn 0.4979 -0.6711 -0.5493
vn 0.5762 0.5136 -0.6357
vn 0.4513 -0.7405 -0.4979
vn 0.6072 0.4271 -0.6700
vn 0.4004 -0.8029 -0.4417
vn 0.6324 0.3365 -0.6977
vn 0.3456 -0.8575 -0.3813
vn 0.6515 0.2427 -0.7188
vn 0.0330 0.9988 -0.0364
vn 0.2874 -0.9038 -0.3171
vn 0.6643 0.1466 -0.7330
vn 0.0987 0.9892 -0.1088
vn 0.2265 -0.9414 -0.2499
vn 0.6708 0.0490 -0.7401
vn 0.1634 0.9700 -0.1802
vn 0.1634 -0.9700 -0.1802
vn 0.6708 -0.0490 -0.7401
vn 0.2265 0.9414 -0.2499
vn 0.0987 -0.9892 -0.1088
vn 0.6643 -0.1466 -0.7330
vn 0.2874 0.9038 -0.3171
vn 0.0330 -0.9988 -0.0364
vn 0.6515 -0.2427 -0.7188
vn 0.3456 0.8575 -0.3813
vn 0.6324 -0.3365 -0.6977
vn 0.4004 0.8029 -0.4417
vn 0.5954 -0.5952 -0.5396
vn 0.5954 0.5952 -0.5396
vn 0.5493 -0.6711 -0.4979
vn 0.6357 0.5136 -0.5762
vn 0.4979 -0.7405 -0.4513
vn 0.6700 0.4271 -0.6072
vn 0.4417 -0.8029 -0.4004
vn 0.6977 0.3365 -0.6324
vn 0.3813 -0.8575 -0.3456
vn 0.7188 0.2427 -0.6515
vn 0.0364 0.9988 -0.0330
vn 0.3171 -0.9038 -0.2874
vn 0.7330 0.1466 -0.6643
vn 0.1089 0.9892 -0.0987
vn 0.2499 -0.9414 -0.2265
vn 0.7401 0.0490 -0.6708
vn 0.1802 0.9700 -0.1634
vn 0.1802 -0.9700 -0.1634
vn 0.7401 -0.0490 -0.6708
vn 0.2499 0.9414 -0.2265
vn 0.1088 -0.9892 -0.0987
vn 0.7330 -0.1466 -0.6643
vn 0.3171 0.9038 -0.2874
vn 0.0364 -0.9988 -0.0330
vn 0.7188 -0.2427 -0.6515
vn 0.3813 0.8575 -0.3456
vn 0.6977 -0.3365 -0.6324
vn 0.4417 0.8029 -0.4004
vn 0.6700 -0.4271 -0.6072
vn 0.4979 0.7405 -0.4513
vn 0.6357 -0.5136 -0.5762
vn 0.5493 0.6711 -0.4979
vn 0.5398 -0.7405 -0.4003
vn 0.7263 0.4271 -0.5386
vn 0.4788 -0.8029 -0.3551
vn 0.7564 0.3365 -0.5610
vn 0.4133 -0.8575 -0.3065
vn 0.7792 0.2427 -0.5779
vn 0.0395 0.9988 -0.0293
vn 0.3438 -0.9038 -0.2549
vn 0.7945 0.1466 -0.5893
vn 0.1180 0.9892 -0.0875
vn 0.2709 -0.9414 -0.2009
vn 0.8022 0.0490 -0.5950
vn 0.1954 0.9700 -0.1449
vn 0.1954 -0.9700 -0.1449
vn 0.8022 -0.0490 -0.5950
vn 0.2709 0.9414 -0.2009
vn 0.1180 -0.9892 -0.0875
vn 0.7945 -0.1466 -0.5893
vn 0.3438 0.9038 -0.2549
vn 0.0395 -0.9988 -0.0293
vn 0.7792 -0.2427 -0.5779
vn 0.4133 0.8575 -0.3065
vn 0.7564 -0.3365 -0.5610
vn 0.4788 0.8029 -0.3551
vn 0.7263 -0.4271 -0.5386
vn 0.5398 0.7405 -0.4003
vn 0.6892 -0.5136 -0.5111
vn 0.5955 0.6711 -0.4416
vn 0.6454 -0.5952 -0.4787
vn 0.6454 0.5952 -0.4787
vn 0.5955 -0.6711 -0.4416
vn 0.6892 0.5136 -0.5111
vn 0.4414 -0.8575 -0.2645
vn 0.8321 0.2427 -0.4987
vn 0.0421 0.9988 -0.0253
vn 0.3671 -0.9038 -0.2200
vn 0.8485 0.1466 -0.5086
vn 0.1260 0.9892 -0.0755
vn 0.2893 -0.9414 -0.1734
vn 0.8567 0.0490 -0.5135
vn 0.2086 0.9700 -0.1251
vn 0.2086 -0.9700 -0.1251
vn 0.8567 -0.0490 -0.5135
vn 0.2893 0.9414 -0.1734
vn 0.1260 -0.9892 -0.0755
vn 0.8485 -0.1466 -0.5086
vn 0.3671 0.9038 -0.2200
vn 0.0421 -0.9988 -0.0253
vn 0.8321 -0.2427 -0.4987
vn 0.4414 0.8575 -0.2645
vn 0.8077 -0.3365 -0.4841
vn 0.5113 0.8029 -0.3065
vn 0.7755 -0.4271 -0.4648
vn 0.5764 0.7405 -0.3455
vn 0.7359 -0.5136 -0.4411
vn 0.6359 0.6711 -0.3811
vn 0.6892 -0.5952 -0.4131
vn 0.6892 0.5952 -0.4131
vn 0.6359 -0.6711 -0.3811
vn 0.7359 0.5136 -0.4411
vn 0.5764 -0.7405 -0.3455
vn 0.7755 0.4271 -0.4648
vn 0.5113 -0.8029 -0.3065
vn 0.8077 0.3365 -0.4841
vn 0.1328 0.9892 -0.0628
vn 0.3049 -0.9414 -0.1442
vn 0.9029 0.0490 -0.4270
vn 0.2199 0.9700 -0.1040
vn 0.2199 -0.9700 -0.1040
vn 0.9029 -0.0490 -0.4270
vn 0.3049 0.9414 -0.1442
vn 0.1328 -0.9892 -0.0628
vn 0.8942 -0.1466 -0.4229
vn 0.3869 0.9038 -0.1830
vn 0.0444 -0.9988 -0.0210
vn 0.8770 -0.2427 -0.4148
vn 0.4652 0.8575 -0.2200
vn 0.8513 -0.3365 -0.4026
vn 0.5389 0.8029 -0.2549
vn 0.8174 -0.4271 -0.3866
vn 0.6075 0.7405 -0.2873
vn 0.7756 -0.5136 -0.3668
vn 0.6702 0.6711 -0.3170
vn 0.7264 -0.5952 -0.3436
vn 0.7264 0.5952 -0.3436
vn 0.6702 -0.6711 -0.3170
vn 0.7756 0.5136 -0.3668
vn 0.6075 -0.7405 -0.2873
vn 0.8174 0.4271 -0.3866
vn 0.5389 -0.8029 -0.2549
vn 0.8513 0.3365 -0.4026
vn 0.4652 -0.8575 -0.2200
vn 0.8770 0.2427 -0.4148
vn 0.0444 0.9988 -0.0210
vn 0.3869 -0.9038 -0.1830
vn 0.8942 0.1466 -0.4229
vn 0.3175 0.9414 -0.1136
vn 0.1383 -0.9892 -0.0495
vn 0.9314 -0.1466 -0.3333
vn 0.4030 0.9038 -0.1442
vn 0.0462 -0.9988 -0.0166
vn 0.9134 -0.2427 -0.3268
vn 0.4845 0.8575 -0.1733
vn 0.8866 -0.3365 -0.3172
vn 0.5613 0.8029 -0.2008
vn 0.8513 -0.4271 -0.3046
vn 0.6327 0.7405 -0.2264
vn 0.8078 -0.5136 -0.2891
vn 0.6980 0.6711 -0.2498
vn 0.7566 -0.5952 -0.2707
vn 0.7566 0.5952 -0.2707
vn 0.6980 -0.6711 -0.2498
vn 0.8078 0.5136 -0.2891
vn 0.6327 -0.7405 -0.2264
vn 0.8513 0.4271 -0.3046
vn 0.5613 -0.8029 -0.2008
vn 0.8866 0.3365 -0.3172
vn 0.4845 -0.8575 -0.1733
vn 0.9134 0.2427 -0.3268
vn 0.0462 0.9988 -0.0166
vn 0.4030 -0.9038 -0.1442
vn 0.9314 0.1466 -0.3333
vn 0.1383 0.9892 -0.0495
vn 0.3175 -0.9414 -0.1136
vn 0.9404 0.0490 -0.3365
vn 0.2290 0.9700 -0.0820
vn 0.2290 -0.9700 -0.0820
vn 0.9404 -0.0490 -0.3365
vn 0.4991 0.8575 -0.1250
vn 0.9135 -0.3365 -0.2288
vn 0.5783 0.8029 -0.1449
vn 0.8771 -0.4271 -0.2197
vn 0.6519 0.7405 -0.1633
vn 0.8323 -0.5136 -0.2085
vn 0.7191 0.6711 -0.1801
vn 0.7795 -0.5952 -0.1952
vn 0.7795 0.5952 -0.1952
vn 0.7191 -0.6711 -0.1801
vn 0.8323 0.5136 -0.2085
vn 0.6519 -0.7405 -0.1633
vn 0.8771 0.4271 -0.2197
vn 0.5783 -0.8029 -0.1449
vn 0.9135 0.3365 -0.2288
vn 0.4991 -0.8575 -0.1250
vn 0.9410 0.2427 -0.2357
vn 0.0477 0.9988 -0.0119
vn 0.4151 -0.9038 -0.1040
vn 0.9596 0.1466 -0.2404
vn 0.1425 0.9892 -0.0357
vn 0.3271 -0.9414 -0.0819
vn 0.9689 0.0490 -0.2427
vn 0.2360 0.9700 -0.0591
vn 0.2360 -0.9700 -0.0591
vn 0.9689 -0.0490 -0.2427
vn 0.3271 0.9414 -0.0819
vn 0.1425 -0.9892 -0.0357
vn 0.9596 -0.1466 -0.2404
vn 0.4151 0.9038 -0.1040
vn 0.0477 -0.9988 -0.0119
vn 0.9410 -0.2427 -0.2357
vn 0.6647 0.7405 -0.0986
vn 0.8487 -0.5136 -0.1259
vn 0.7333 0.6711 -0.1088
vn 0.7949 -0.5952 -0.1179
vn 0.7949 0.5952 -0.1179
vn 0.7333 -0.6711 -0.1088
vn 0.8487 0.5136 -0.1259
vn 0.6647 -0.7405 -0.0986
vn 0.8944 0.4271 -0.1327
vn 0.5897 -0.8029 -0.0875
vn 0.9315 0.3365 -0.1382
vn 0.5090 -0.8575 -0.0755
vn 0.9596 0.2427 -0.1423
vn 0.0486 0.9988 -0.0072
vn 0.4233 -0.9038 -0.0628
vn 0.9785 0.1466 -0.1451
vn 0.1453 0.9892 -0.0216
vn 0.3336 -0.9414 -0.0495
vn 0.9880 0.0490 -0.1466
vn 0.2406 0.9700 -0.0357
vn 0.2406 -0.9700 -0.0357
vn 0.9880 -0.0490 -0.1466
vn 0.3336 0.9414 -0.0495
vn 0.1453 -0.9892 -0.0216
vn 0.9785 -0.1466 -0.1451
vn 0.4233 0.9038 -0.0628
vn 0.0486 -0.9988 -0.0072
vn 0.9596 -0.2427 -0.1423
vn 0.5090 0.8575 -0.0755
vn 0.9315 -0.3365 -0.1382
vn 0.5897 0.8029 -0.0875
vn 0.8944 -0.4271 -0.1327
vn 0.8026 0.5952 -0.0394
vn 0.7405 -0.6711 -0.0364
vn 0.8570 0.5136 -0.0421
vn 0.6712 -0.7405 -0.0330
vn 0.9031 0.4271 -0.0444
vn 0.5954 -0.8029 -0.0293
vn 0.9405 0.3365 -0.0462
vn 0.5139 -0.8575 -0.0252
vn 0.9689 0.2427 -0.0476
vn 0.0491 0.9988 -0.0024
vn 0.4275 -0.9038 -0.0210
vn 0.9880 0.1466 -0.0485
vn 0.1467 0.9892 -0.0072
vn 0.3368 -0.9414 -0.0165
vn 0.9976 0.0490 -0.0490
vn 0.2430 0.9700 -0.0119
vn 0.2430 -0.9700 -0.0119
vn 0.9976 -0.0490 -0.0490
vn 0.3368 0.9414 -0.0165
vn 0.1467 -0.9892 -0.0072
vn 0.9880 -0.1466 -0.0485
vn 0.4275 0.9038 -0.0210
vn 0.0491 -0.9988 -0.0024
vn 0.9689 -0.2427 -0.0476
vn 0.5139 0.8575 -0.0252
vn 0.9405 -0.3365 -0.0462
vn 0.5954 0.8029 -0.0293
vn 0.9031 -0.4271 -0.0444
vn 0.6712 0.7405 -0.0330
vn 0.8570 -0.5136 -0.0421
vn 0.7405 0.6711 -0.0364
vn 0.8026 -0.5952 -0.0394
vn 0.9031 0.4271 0.0444
vn 0.5954 -0.8029 0.0293
vn 0.9405 0.3365 0.0462
vn 0.5139 -0.8575 0.0252
vn 0.9689 0.2427 0.0476
vn 0.0491 0.9988 0.0024
vn 0.4275 -0.9038 0.0210
vn 0.9880 0.1466 0.0485
vn 0.1467 0.9892 0.0072
vn 0.3368 -0.9414 0.0165
vn 0.9976 0.0490 0.0490
vn 0.2430 0.9700 0.0119
vn 0.2430 -0.9700 0.0119
vn 0.9976 -0.0490 0.0490
vn 0.3368 0.9414 0.0165
vn 0.1467 -0.9892 0.0072
vn 0.9880 -0.1466 0.0485
vn 0.4275 0.9038 0.0210
vn 0.0491 -0.9988 0.0024
vn 0.9689 -0.2427 0.0476
vn 0.5139 0.8575 0.0252
vn 0.9405 -0.3365 0.0462
vn 0.5954 0.8029 0.0293
vn 0.9031 -0.4271 0.0444
vn 0.6712 0.7405 0.0330
vn 0.8570 -0.5136 0.0421
vn 0.7405 0.6711 0.0364
vn 0.8026 -0.5952 0.0394
vn 0.8026 0.5952 0.0394
vn 0.7405 -0.6711 0.0364
vn 0.8570 0.5136 0.0421
vn 0.6712 -0.7405 0.0330
vn 0.9596 0.2427 0.1423
vn 0.0486 0.9988 0.0072
vn 0.4233 -0.9038 0.0628
vn 0.9785 0.1466 0.1451
vn 0.1453 0.9892 0.0216
vn 0.3336 -0.9414 0.0495
vn 0.9880 0.0490 0.1466
vn 0.2406 0.9700 0.0357
vn 0.2406 -0.9700 0.0357
vn 0.9880 -0.0490 0.1466
vn 0.3336 0.9414 0.0495
vn 0.1453 -0.9892 0.0216
vn 0.9785 -0.1466 0.1451
vn 0.4233 0.9038 0.0628
vn 0.0486 -0.9988 0.0072
vn 0.9596 -0.2427 0.1423
vn 0.5090 0.8575 0.0755
vn 0.9315 -0.3365 0.1382
vn 0.5897 0.8029 0.0875
vn 0.8944 -0.4271 0.1327
vn 0.6647 0.7405 0.0986
vn 0.8487 -0.5136 0.1259
vn 0.7333 0.6711 0.1088
vn 0.7949 -0.5952 0.1179
vn 0.7949 0.5952 0.1179
vn 0.7333 -0.6711 0.1088
vn 0.8487 0.5136 0.1259
vn 0.6647 -0.7405 0.0986
vn 0.8944 0.4271 0.1327
vn 0.5897 -0.8029 0.0875
vn 0.9315 0.3365 0.1382
vn 0.5090 -0.8575 0.0755
vn 0.9689 0.0490 0.2427
vn 0.2360 0.9700 0.0591
vn 0.2360 -0.9700 0.0591
vn 0.9689 -0.0490 0.2427
vn 0.3271 0.9414 0.0819
vn 0.1425 -0.9892 0.0357
vn 0.9596 -0.1466 0.2404
vn 0.4152 0.9038 0.1040
vn 0.0477 -0.9988 0.0119
vn 0.9410 -0.2427 0.2357
vn 0.4991 0.8575 0.1250
vn 0.9135 -0.3365 0.2288
vn 0.5783 0.8029 0.1449
vn 0.8771 -0.4271 0.2197
vn 0.6519 0.7405 0.1633
vn 0.8323 -0.5136 0.2085
vn 0.7191 0.6711 0.1801
vn 0.7795 -0.5952 0.1952
vn 0.7795 0.5952 0.1952
vn 0.7191 -0.6711 0.1801
vn 0.8323 0.5136 0.2085
vn 0.6519 -0.7405 0.1633
vn 0.8771 0.4271 0.2197
vn 0.5783 -0.8029 0.1449
vn 0.9135 0.3365 0.2288
vn 0.4991 -0.8575 0.1250
vn 0.9410 0.2427 0.2357
vn 0.0477 0.9988 0.0119
vn 0.4152 -0.9038 0.1040
vn 0.9596 0.1466 0.2404
vn 0.1425 0.9892 0.0357
vn 0.3271 -0.9414 0.0819
vn 0.9314 -0.1466 0.3333
vn 0.4030 0.9038 0.1442
vn 0.0462 -0.9988 0.0166
vn 0.9134 -0.2427 0.3268
vn 0.4845 0.8575 0.1733
vn 0.8866 -0.3365 0.3172
vn 0.5613 0.8029 0.2008
vn 0.8513 -0.4271 0.3046
vn 0.6327 0.7405 0.2264
vn 0.8078 -0.5136 0.2891
vn 0.6980 0.6711 0.2498
vn 0.7566 -0.5952 0.2707
vn 0.7566 0.5952 0.2707
vn 0.6980 -0.6711 0.2498
vn 0.8078 0.5136 0.2891
vn 0.6327 -0.7405 0.2264
vn 0.8513 0.4271 0.3046
vn 0.5613 -0.8029 0.2008
vn 0.8866 0.3365 0.3172
vn 0.4845 -0.8575 0.1733
vn 0.9134 0.2427 0.3268
vn 0.0463 0.9988 0.0166
vn 0.4030 -0.9038 0.1442
vn 0.9314 0.1466 0.3333
vn 0.1383 0.9892 0.0495
vn 0.3175 -0.9414 0.1136
vn 0.9404 0.0490 0.3365
vn 0.2290 0.9700 0.0820
vn 0.2290 -0.9700 0.0820
vn 0.9404 -0.0490 0.3365
vn 0.3175 0.9414 0.1136
vn 0.1383 -0.9892 0.0495
vn 0.8513 -0.3365 0.4026
vn 0.5389 0.8029 0.2549
vn 0.8174 -0.4271 0.3866
vn 0.6075 0.7405 0.2873
vn 0.7756 -0.5136 0.3668
vn 0.6702 0.6711 0.3170
vn 0.7264 -0.5952 0.3436
vn 0.7264 0.5952 0.3436
vn 0.6702 -0.6711 0.3170
vn 0.7756 0.5136 0.3668
vn 0.6075 -0.7405 0.2873
vn 0.8174 0.4271 0.3866
vn 0.5389 -0.8029 0.2549
vn 0.8513 0.3365 0.4026
vn 0.4652 -0.8575 0.2200
vn 0.8770 0.2427 0.4148
vn 0.0444 0.9988 0.0210
vn 0.3869 -0.9038 0.1830
vn 0.8942 0.1466 0.4229
vn 0.1328 0.9892 0.0628
vn 0.3049 -0.9414 0.1442
vn 0.9029 0.0490 0.4270
vn 0.2199 0.9700 0.1040
vn 0.2199 -0.9700 0.1040
vn 0.9029 -0.0490 0.4270
vn 0.3049 0.9414 0.1442
vn 0.1328 -0.9892 0.0628
vn 0.8942 -0.1466 0.4229
vn 0.3869 0.9038 0.1830
vn 0.0444 -0.9988 0.0210
vn 0.8770 -0.2427 0.4148
vn 0.4652 0.8575 0.2200
vn 0.7359 -0.5136 0.4411
vn 0.6359 0.6711 0.3811
vn 0.6892 -0.5952 0.4131
vn 0.6892 0.5952 0.4131
vn 0.6359 -0.6711 0.3811
vn 0.7359 0.5136 0.4411
vn 0.5764 -0.7405 0.3455
vn 0.7755 0.4271 0.4648
vn 0.5113 -0.8029 0.3065
vn 0.8077 0.3365 0.4841
vn 0.4413 -0.8575 0.2645
vn 0.8321 0.2427 0.4987
vn 0.0421 0.9988 0.0253
vn 0.3671 -0.9038 0.2200
vn 0.8485 0.1466 0.5086
vn 0.1260 0.9892 0.0755
vn 0.2893 -0.9414 0.1734
vn 0.8567 0.0490 0.5135
vn 0.2086 0.9700 0.1251
vn 0.2086 -0.9700 0.1251
vn 0.8567 -0.0490 0.5135
vn 0.2893 0.9414 0.1734
vn 0.1260 -0.9892 0.0755
vn 0.8485 -0.1466 0.5086
vn 0.3671 0.9038 0.2200
vn 0.0421 -0.9988 0.0253
vn 0.8321 -0.2427 0.4987
vn 0.4413 0.8575 0.2645
vn 0.8077 -0.3365 0.4841
vn 0.5113 0.8029 0.3065
vn 0.7755 -0.4271 0.4648
vn 0.5764 0.7405 0.3455
vn 0.5955 -0.6711 0.4416
vn 0.6892 0.5136 0.5111
vn 0.5398 -0.7405 0.4003
vn 0.7263 0.4271 0.5386
vn 0.4788 -0.8029 0.3551
vn 0.7564 0.3365 0.5610
vn 0.4133 -0.8575 0.3065
vn 0.7792 0.2427 0.5779
vn 0.0395 0.9988 0.0293
vn 0.3438 -0.9038 0.2549
vn 0.7945 0.1466 0.5893
vn 0.1180 0.9892 0.0875
vn 0.2709 -0.9414 0.2009
vn 0.8022 0.0490 0.5950
vn 0.1954 0.9700 0.1449
vn 0.1954 -0.9700 0.1449
vn 0.8022 -0.0490 0.5950
vn 0.2709 0.9414 0.2009
vn 0.1180 -0.9892 0.0875
vn 0.7945 -0.1466 0.5893
vn 0.3438 0.9038 0.2549
vn 0.0395 -0.9988 0.0293
vn 0.7792 -0.2427 0.5779
vn 0.4133 0.8575 0.3065
vn 0.7564 -0.3365 0.5610
vn 0.4788 0.8029 0.3551
vn 0.7263 -0.4271 0.5386
vn 0.5398 0.7405 0.4003
vn 0.6892 -0.5136 0.5111
vn 0.5955 0.6711 0.4416
vn 0.6454 -0.5952 0.4787
vn 0.6454 0.5952 0.4787
vn 0.4417 -0.8029 0.4004
vn 0.6977 0.3365 0.6324
vn 0.3813 -0.8575 0.3456
vn 0.7188 0.2427 0.6515
vn 0.0364 0.9988 0.0330
vn 0.3171 -0.9038 0.2874
vn 0.7330 0.1466 0.6643
vn 0.1089 0.9892 0.0987
vn 0.2499 -0.9414 0.2265
vn 0.7401 0.0490 0.6708
vn 0.1802 0.9700 0.1634
vn 0.1802 -0.9700 0.1634
vn 0.7401 -0.0490 0.6708
vn 0.2499 0.9414 0.2265
vn 0.1088 -0.9892 0.0987
vn 0.7330 -0.1466 0.6643
vn 0.3171 0.9038 0.2874
vn 0.0364 -0.9988 0.0330
vn 0.7188 -0.2427 0.6515
vn 0.3813 0.8575 0.3456
vn 0.6977 -0.3365 0.6324
vn 0.4417 0.8029 0.4004
vn 0.6700 -0.4271 0.6072
vn 0.4979 0.7405 0.4513
vn 0.6357 -0.5136 0.5762
vn 0.5493 0.6711 0.4979
vn 0.5954 -0.5952 0.5396
vn 0.5954 0.5952 0.5396
vn 0.5493 -0.6711 0.4979
vn 0.6357 0.5136 0.5762
vn 0.4979 -0.7405 0.4513
vn 0.6700 0.4271 0.6072
vn 0.2874 -0.9038 0.3171
vn 0.6643 0.1466 0.7330
vn 0.0987 0.9892 0.1088
vn 0.2265 -0.9414 0.2499
vn 0.6708 0.0490 0.7401
vn 0.1634 0.9700 0.1802
vn 0.1634 -0.9700 0.1802
vn 0.6708 -0.0490 0.7401
vn 0.2265 0.9414 0.2499
vn 0.0987 -0.9892 0.1088
vn 0.6643 -0.1466 0.7330
vn 0.2874 0.9038 0.3171
vn 0.0330 -0.9988 0.0364
vn 0.6515 -0.2427 0.7188
vn 0.3456 0.8575 0.3813
vn 0.6324 -0.3365 0.6977
vn 0.4004 0.8029 0.4417
vn 0.6072 -0.4271 0.6700
vn 0.4513 0.7405 0.4979
vn 0.5762 -0.5136 0.6357
vn 0.4979 0.6711 0.5493
vn 0.5396 -0.5952 0.5954
vn 0.5396 0.5952 0.5954
vn 0.4979 -0.6711 0.5493
vn 0.5762 0.5136 0.6357
vn 0.4513 -0.7405 0.4979
vn 0.6072 0.4271 0.6700
vn 0.4004 -0.8029 0.4417
vn 0.6324 0.3365 0.6977
vn 0.3456 -0.8575 0.3813
vn 0.6515 0.2427 0.7188
vn 0.0330 0.9988 0.0364
vn 0.1449 -0.9700 0.1954
vn 0.5950 -0.0490 0.8022
vn 0.2009 0.9414 0.2709
vn 0.0875 -0.9892 0.1180
vn 0.5893 -0.1466 0.7945
vn 0.2549 0.9038 0.3438
vn 0.0293 -0.9988 0.0395
vn 0.5779 -0.2427 0.7792
vn 0.3065 0.8575 0.4133
vn 0.5610 -0.3365 0.7564
vn 0.3551 0.8029 0.4788
vn 0.5386 -0.4271 0.7263
vn 0.4003 0.7405 0.5398
vn 0.5111 -0.5136 0.6892
vn 0.4416 0.6711 0.5955
vn 0.4787 -0.5952 0.6454
vn 0.4787 0.5952 0.6454
vn 0.4416 -0.6711 0.5955
vn 0.5111 0.5136 0.6892
vn 0.4003 -0.7405 0.5398
vn 0.5386 0.4271 0.7263
vn 0.3551 -0.8029 0.4788
vn 0.5610 0.3365 0.7564
vn 0.3065 -0.8575 0.4133
vn 0.5779 0.2427 0.7792
vn 0.0293 0.9988 0.0395
vn 0.2549 -0.9038 0.3438
vn 0.5893 0.1466 0.7945
vn 0.0875 0.9892 0.1180
vn 0.2009 -0.9414 0.2709
vn 0.5950 0.0490 0.8022
vn 0.1449 0.9700 0.1954
vn 0.3065 -0.8029 0.5113
vn 0.4841 0.3365 0.8077
vn 0.2645 -0.8575 0.4413
vn 0.4987 0.2427 0.8321
vn 0.0253 0.9988 0.0421
vn 0.2200 -0.9038 0.3671
vn 0.5086 0.1466 0.8485
vn 0.0755 0.9892 0.1260
vn 0.1734 -0.9414 0.2893
vn 0.5135 0.0490 0.8567
vn 0.1251 0.9700 0.2086
vn 0.1251 -0.9700 0.2086
vn 0.5135 -0.0490 0.8567
vn 0.1734 0.9414 0.2893
vn 0.0755 -0.9892 0.1260
vn 0.5086 -0.1466 0.8485
vn 0.2200 0.9038 0.3671
vn 0.0253 -0.9988 0.0421
vn 0.4987 -0.2427 0.8321
vn 0.2645 0.8575 0.4413
vn 0.4841 -0.3365 0.8077
vn 0.3065 0.8029 0.5113
vn 0.4648 -0.4271 0.7755
vn 0.3455 0.7405 0.5764
vn 0.4411 -0.5136 0.7359
vn 0.3811 0.6711 0.6359
vn 0.4131 -0.5952 0.6892
vn 0.4131 0.5952 0.6892
vn 0.3811 -0.6711 0.6359
vn 0.4411 0.5136 0.7359
vn 0.3455 -0.7405 0.5764
vn 0.4648 0.4271 0.7755
vn 0.0210 0.9988 0.0444
vn 0.1830 -0.9038 0.3869
vn 0.4229 0.1466 0.8942
vn 0.0628 0.9892 0.1328
vn 0.1442 -0.9414 0.3049
vn 0.4270 0.0490 0.9029
vn 0.1040 0.9700 0.2199
vn 0.1040 -0.9700 0.2199
vn 0.4270 -0.0490 0.9029
vn 0.1442 0.9414 0.3049
vn 0.0628 -0.9892 0.1328
vn 0.4229 -0.1466 0.8942
vn 0.1830 0.9038 0.3869
vn 0.0210 -0.9988 0.0444
vn 0.4148 -0.2427 0.8770
vn 0.2200 0.8575 0.4652
vn 0.4026 -0.3365 0.8513
vn 0.2549 0.8029 0.5389
vn 0.3866 -0.4271 0.8174
vn 0.2873 0.7405 0.6075
vn 0.3668 -0.5136 0.7756
vn 0.3170 0.6711 0.6702
vn 0.3436 -0.5952 0.7264
vn 0.3436 0.5952 0.7264
vn 0.3170 -0.6711 0.6702
vn 0.3668 0.5136 0.7756
vn 0.2873 -0.7405 0.6075
vn 0.3866 0.4271 0.8174
vn 0.2549 -0.8029 0.5389
vn 0.4026 0.3365 0.8513
vn 0.2200 -0.8575 0.4652
vn 0.4148 0.2427 0.8770
vn 0.0819 0.9700 0.2290
vn 0.0819 -0.9700 0.2290
vn 0.3365 -0.0490 0.9404
vn 0.1136 0.9414 0.3175
vn 0.0495 -0.9892 0.1383
vn 0.3333 -0.1466 0.9314
vn 0.1442 0.9038 0.4030
vn 0.0165 -0.9988 0.0463
vn 0.3268 -0.2427 0.9134
vn 0.1733 0.8575 0.4845
vn 0.3172 -0.3365 0.8866
vn 0.2008 0.8029 0.5613
vn 0.3046 -0.4271 0.8513
vn 0.2264 0.7405 0.6327
vn 0.2891 -0.5136 0.8078
vn 0.2498 0.6711 0.6980
vn 0.2707 -0.5952 0.7566
vn 0.2707 0.5952 0.7566
vn 0.2498 -0.6711 0.6980
vn 0.2891 0.5136 0.8078
vn 0.2264 -0.7405 0.6327
vn 0.3046 0.4271 0.8513
vn 0.2008 -0.8029 0.5613
vn 0.3172 0.3365 0.8866
vn 0.1733 -0.8575 0.4845
vn 0.3268 0.2427 0.9134
vn 0.0165 0.9988 0.0463
vn 0.1442 -0.9038 0.4030
vn 0.3333 0.1466 0.9314
vn 0.0495 0.9892 0.1383
vn 0.1136 -0.9414 0.3175
vn 0.3365 0.0490 0.9404
vn 0.1040 0.9038 0.4152
vn 0.0119 -0.9988 0.0477
vn 0.2357 -0.2427 0.9410
vn 0.1250 0.8575 0.4991
vn 0.2288 -0.3365 0.9135
vn 0.1449 0.8029 0.5783
vn 0.2197 -0.4271 0.8771
vn 0.1633 0.7405 0.6519
vn 0.2085 -0.5136 0.8323
vn 0.1801 0.6711 0.7191
vn 0.1952 -0.5952 0.7795
vn 0.1952 0.5952 0.7795
vn 0.1801 -0.6711 0.7191
vn 0.2085 0.5136 0.8323
vn 0.1633 -0.7405 0.6519
vn 0.2197 0.4271 0.8771
vn 0.1449 -0.8029 0.5783
vn 0.2288 0.3365 0.9135
vn 0.1250 -0.8575 0.4991
vn 0.2357 0.2427 0.9410
vn 0.0119 0.9988 0.0477
vn 0.1040 -0.9038 0.4152
vn 0.2404 0.1466 0.9596
vn 0.0357 0.9892 0.1425
vn 0.0819 -0.9414 0.3271
vn 0.2427 0.0490 0.9689
vn 0.0591 0.9700 0.2360
vn 0.0591 -0.9700 0.2360
vn 0.2427 -0.0490 0.9689
vn 0.0819 0.9414 0.3271
vn 0.0357 -0.9892 0.1425
vn 0.2404 -0.1466 0.9596
vn 0.0875 0.8029 0.5897
vn 0.1327 -0.4271 0.8944
vn 0.0986 0.7405 0.6647
vn 0.1259 -0.5136 0.8487
vn 0.1088 0.6711 0.7333
vn 0.1179 -0.5952 0.7949
vn 0.1179 0.5952 0.7949
vn 0.1088 -0.6711 0.7333
vn 0.1259 0.5136 0.8487
vn 0.0986 -0.7405 0.6647
vn 0.1327 0.4271 0.8944
vn 0.0875 -0.8029 0.5897
vn 0.1382 0.3365 0.9315
vn 0.0755 -0.8575 0.5090
vn 0.1423 0.2427 0.9596
vn 0.0072 0.9988 0.0486
vn 0.0628 -0.9038 0.4233
vn 0.1451 0.1466 0.9785
vn 0.0216 0.9892 0.1453
vn 0.0495 -0.9414 0.3336
vn 0.1466 0.0490 0.9880
vn 0.0357 0.9700 0.2406
vn 0.0357 -0.9700 0.2406
vn 0.1466 -0.0490 0.9880
vn 0.0495 0.9414 0.3336
vn 0.0216 -0.9892 0.1453
vn 0.1451 -0.1466 0.9785
vn 0.0628 0.9038 0.4233
vn 0.0072 -0.9988 0.0486
vn 0.1423 -0.2427 0.9596
vn 0.0755 0.8575 0.5090
vn 0.1382 -0.3365 0.9315
vn 0.0364 0.6711 0.7405
vn 0.0394 -0.5952 0.8026
vn 0.0394 0.5952 0.8026
vn 0.0364 -0.6711 0.7405
vn 0.0421 0.5136 0.8570
vn 0.0330 -0.7405 0.6712
vn 0.0444 0.4271 0.9031
vn 0.0293 -0.8029 0.5954
vn 0.0462 0.3365 0.9405
vn 0.0252 -0.8575 0.5139
vn 0.0476 0.2427 0.9689
vn 0.0024 0.9988 0.0491
vn 0.0210 -0.9038 0.4275
vn 0.0485 0.1466 0.9880
vn 0.0072 0.9892 0.1467
vn 0.0165 -0.9414 0.3368
vn 0.0490 0.0490 0.9976
vn 0.0119 0.9700 0.2430
vn 0.0119 -0.9700 0.2430
vn 0.0490 -0.0490 0.9976
vn 0.0165 0.9414 0.3368
vn 0.0072 -0.9892 0.1467
vn 0.0485 -0.1466 0.9880
vn 0.0210 0.9038 0.4275
vn 0.0024 -0.9988 0.0491
vn 0.0476 -0.2427 0.9689
vn 0.0252 0.8575 0.5139
vn 0.0462 -0.3365 0.9405
vn 0.0293 0.8029 0.5954
vn 0.0444 -0.4271 0.9031
vn 0.0330 0.7405 0.6712
vn 0.0421 -0.5136 0.8570
vn -0.0421 0.5136 0.8570
vn -0.0330 -0.7405 0.6712
vn -0.0444 0.4271 0.9031
vn -0.0293 -0.8029 0.5954
vn -0.0462 0.3365 0.9405
vn -0.0252 -0.8575 0.5139
vn -0.0476 0.2427 0.9689
vn -0.0024 0.9988 0.0491
vn -0.0210 -0.9038 0.4275
vn -0.0485 0.1466 0.9880
vn -0.0072 0.9892 0.1467
vn -0.0165 -0.9414 0.3368
vn -0.0490 0.0490 0.9976
vn -0.0119 0.9700 0.2430
vn -0.0119 -0.9700 0.2430
vn -0.0490 -0.0490 0.9976
vn -0.0165 0.9414 0.3368
vn -0.0072 -0.9892 0.1467
vn -0.0485 -0.1466 0.9880
vn -0.0210 0.9038 0.4275
vn -0.0024 -0.9988 0.0491
vn -0.0476 -0.2427 0.9689
vn -0.0252 0.8575 0.5139
vn -0.0462 -0.3365 0.9405
vn -0.0293 0.8029 0.5954
vn -0.0444 -0.4271 0.9031
vn -0.0330 0.7405 0.6712
vn -0.0421 -0.5136 0.8570
vn -0.0364 0.6711 0.7405
vn -0.0394 -0.5952 0.8026
vn -0.0394 0.5952 0.8026
vn -0.0364 -0.6711 0.7405
vn -0.1382 0.3365 0.9315
vn -0.0755 -0.8575 0.5090
vn -0.1423 0.2427 0.9596
vn -0.0072 0.9988 0.0486
vn -0.0628 -0.9038 0.4233
vn -0.1451 0.1466 0.9785
vn -0.0216 0.9892 0.1453
vn -0.0495 -0.9414 0.3336
vn -0.1466 0.0490 0.9880
vn -0.0357 0.9700 0.2406
vn -0.0357 -0.9700 0.2406
vn -0.1466 -0.0490 0.9880
vn -0.0495 0.9414 0.3336
vn -0.0216 -0.9892 0.1453
vn -0.1451 -0.1466 0.9785
vn -0.0628 0.9038 0.4233
vn -0.0072 -0.9988 0.0486
vn -0.1423 -0.2427 0.9596
vn -0.0755 0.8575 0.5090
vn -0.1382 -0.3365 0.9315
vn -0.0875 0.8029 0.5897
vn -0.1327 -0.4271 0.8944
vn -0.0986 0.7405 0.6647
vn -0.1259 -0.5136 0.8487
vn -0.1088 0.6711 0.7333
vn -0.1179 -0.5952 0.7949
vn -0.1179 0.5952 0.7949
vn -0.1088 -0.6711 0.7333
vn -0.1259 0.5136 0.8487
vn -0.0986 -0.7405 0.6647
vn -0.1327 0.4271 0.8944
vn -0.0875 -0.8029 0.5897
vn -0.2404 0.1466 0.9596
vn -0.0357 0.9892 0.1425
vn -0.0819 -0.9414 0.3271
vn -0.2427 0.0490 0.9689
vn -0.0591 0.9700 0.2360
vn -0.0591 -0.9700 0.2360
vn -0.2427 -0.0490 0.9689
vn -0.0819 0.9414 0.3271
vn -0.0357 -0.9892 0.1425
vn -0.2404 -0.1466 0.9596
vn -0.1040 0.9038 0.4152
vn -0.0119 -0.9988 0.0477
vn -0.2357 -0.2427 0.9410
vn -0.1250 0.8575 0.4991
vn -0.2288 -0.3365 0.9135
vn -0.1449 0.8029 0.5783
vn -0.2197 -0.4271 0.8771
vn -0.1633 0.7405 0.6519
vn -0.2085 -0.5136 0.8323
vn -0.1801 0.6711 0.7191
vn -0.1952 -0.5952 0.7795
vn -0.1952 0.5952 0.7795
vn -0.1801 -0.6711 0.7191
vn -0.2085 0.5136 0.8323
vn -0.1633 -0.7405 0.6519
vn -0.2197 0.4271 0.8771
vn -0.1449 -0.8029 0.5783
vn -0.2288 0.3365 0.9135
vn -0.1250 -0.8575 0.4991
vn -0.2357 0.2427 0.9410
vn -0.0119 0.9988 0.0477
vn -0.1040 -0.9038 0.4152
vn -0.3365 -0.0490 0.9404
vn -0.1136 0.9414 0.3175
vn -0.0495 -0.9892 0.1383
vn -0.3333 -0.1466 0.9314
vn -0.1442 0.9038 0.4030
vn -0.0165 -0.9988 0.0463
vn -0.3268 -0.2427 0.9134
vn -0.1733 0.8575 0.4845
vn -0.3172 -0.3365 0.8866
vn -0.2008 0.8029 0.5613
vn -0.3046 -0.4271 0.8513
vn -0.2264 0.7405 0.6327
vn -0.2891 -0.5136 0.8078
vn -0.2498 0.6711 0.6980
vn -0.2707 -0.5952 0.7566
vn -0.2707 0.5952 0.7566
vn -0.2498 -0.6711 0.6980
vn -0.2891 0.5136 0.8078
vn -0.2264 -0.7405 0.6327
vn -0.3046 0.4271 0.8513
vn -0.2008 -0.8029 0.5613
vn -0.3172 0.3365 0.8866
vn -0.1733 -0.8575 0.4845
vn -0.3268 0.2427 0.9134
vn -0.0165 0.9988 0.0463
vn -0.1442 -0.9038 0.4030
vn -0.3333 0.1466 0.9314
vn -0.0495 0.9892 0.1383
vn -0.1136 -0.9414 0.3175
vn -0.3365 0.0490 0.9404
vn -0.0819 0.9700 0.2290
vn -0.0819 -0.9700 0.2290
vn -0.4148 -0.2427 0.8770
vn -0.2200 0.8575 0.4652
vn -0.4026 -0.3365 0.8513
vn -0.2549 0.8029 0.5389
vn -0.3866 -0.4271 0.8174
vn -0.2873 0.7405 0.6075
vn -0.3668 -0.5136 0.7756
vn -0.3170 0.6711 0.6702
vn -0.3436 -0.5952 0.7264
vn -0.3436 0.5952 0.7264
vn -0.3170 -0.6711 0.6702
vn -0.3668 0.5136 0.7756
vn -0.2873 -0.7405 0.6075
vn -0.3866 0.4271 0.8174
vn -0.2549 -0.8029 0.5389
vn -0.4026 0.3365 0.8513
vn -0.2200 -0.8575 0.4652
vn -0.4148 0.2427 0.8770
vn -0.0210 0.9988 0.0444
vn -0.1830 -0.9038 0.3869
vn -0.4229 0.1466 0.8942
vn -0.0628 0.9892 0.1328
vn -0.1442 -0.9414 0.3049
vn -0.4270 0.0490 0.9029
vn -0.1040 0.9700 0.2199
vn -0.1040 -0.9700 0.2199
vn -0.4270 -0.0490 0.9029
vn -0.1442 0.9414 0.3049
vn -0.0628 -0.9892 0.1328
vn -0.4229 -0.1466 0.8942
vn -0.1830 0.9038 0.3869
vn -0.0210 -0.9988 0.0444
vn -0.4648 -0.4271 0.7755
vn -0.3455 0.7405 0.5764
vn -0.4411 -0.5136 0.7359
vn -0.3811 0.6711 0.6359
vn -0.4131 -0.5952 0.6892
vn -0.4131 0.5952 0.6892
vn -0.3811 -0.6711 0.6359
vn -0.4411 0.5136 0.7359
vn -0.3455 -0.7405 0.5764
vn -0.4648 0.4271 0.7755
vn -0.3065 -0.8029 0.5113
vn -0.4841 0.3365 0.8077
vn -0.2645 -0.8575 0.4413
vn -0.4987 0.2427 0.8321
vn -0.0253 0.9988 0.0421
vn -0.2200 -0.9038 0.3671
vn -0.5086 0.1466 0.8485
vn -0.0755 0.9892 0.1260
vn -0.1734 -0.9414 0.2893
vn -0.5135 0.0490 0.8567
vn -0.1251 0.9700 0.2086
vn -0.1251 -0.9700 0.2086
vn -0.5135 -0.0490 0.8567
vn -0.1734 0.9414 0.2893
vn -0.0755 -0.9892 0.1260
vn -0.5086 -0.1466 0.8485
vn -0.2200 0.9038 0.3671
vn -0.0253 -0.9988 0.0421
vn -0.4987 -0.2427 0.8321
vn -0.2645 0.8575 0.4413
vn -0.4841 -0.3365 0.8077
vn -0.3065 0.8029 0.5113
vn -0.4787 -0.5952 0.6454
vn -0.4787 0.5952 0.6454
vn -0.4416 -0.6711 0.5955
vn -0.5111 0.5136 0.6892
vn -0.4003 -0.7405 0.5398
vn -0.5386 0.4271 0.7263
vn -0.3551 -0.8029 0.4788
vn -0.5610 0.3365 0.7564
vn -0.3065 -0.8575 0.4133
vn -0.5779 0.2427 0.7792
vn -0.0293 0.9988 0.0395
vn -0.2549 -0.9038 0.3438
vn -0.5893 0.1466 0.7945
vn -0.0875 0.9892 0.1180
vn -0.2009 -0.9414 0.2709
vn -0.5950 0.0490 0.8022
vn -0.1449 0.9700 0.1954
vn -0.1449 -0.9700 0.1954
vn -0.5950 -0.0490 0.8022
vn -0.2009 0.9414 0.2709
vn -0.0875 -0.9892 0.1180
vn -0.5893 -0.1466 0.7945
vn -0.2549 0.9038 0.3438
vn -0.0293 -0.9988 0.0395
vn -0.5779 -0.2427 0.7792
vn -0.3065 0.8575 0.4133
vn -0.5610 -0.3365 0.7564
vn -0.3551 0.8029 0.4788
vn -0.5386 -0.4271 0.7263
vn -0.4003 0.7405 0.5398
vn -0.5111 -0.5136 0.6892
vn -0.4416 0.6711 0.5955
vn -0.4513 -0.7405 0.4979
vn -0.6072 0.4271 0.6700
vn -0.4004 -0.8029 0.4417
vn -0.6324 0.3365 0.6977
vn -0.3456 -0.8575 0.3813
vn -0.6515 0.2427 0.7188
vn -0.0330 0.9988 0.0364
vn -0.2874 -0.9038 0.3171
vn -0.6643 0.1466 0.7330
vn -0.0987 0.9892 0.1088
vn -0.2265 -0.9414 0.2499
vn -0.6708 0.0490 0.7401
vn -0.1634 0.9700 0.1802
vn -0.1634 -0.9700 0.1802
vn -0.6708 -0.0490 0.7401
vn -0.2265 0.9414 0.2499
vn -0.0987 -0.9892 0.1088
vn -0.6643 -0.1466 0.7330
vn -0.2874 0.9038 0.3171
vn -0.0330 -0.9988 0.0364
vn -0.6515 -0.2427 0.7188
vn -0.3456 0.8575 0.3813
vn -0.6324 -0.3365 0.6977
vn -0.4004 0.8029 0.4417
vn -0.6072 -0.4271 0.6700
vn -0.4513 0.7405 0.4979
vn -0.5762 -0.5136 0.6357
vn -0.4979 0.6711 0.5493
vn -0.5396 -0.5952 0.5954
vn -0.5396 0.5952 0.5954
vn -0.4979 -0.6711 0.5493
vn -0.5762 0.5136 0.6357
vn -0.3813 -0.8575 0.3456
vn -0.7188 0.2427 0.6515
vn -0.0364 0.9988 0.0330
vn -0.3171 -0.9038 0.2874
vn -0.7330 0.1466 0.6643
vn -0.1088 0.9892 0.0987
vn -0.2499 -0.9414 0.2265
vn -0.7401 0.0490 0.6708
vn -0.1802 0.9700 0.1634
vn -0.1802 -0.9700 0.1634
vn -0.7401 -0.0490 0.6708
vn -0.2499 0.9414 0.2265
vn -0.1089 -0.9892 0.0987
vn -0.7330 -0.1466 0.6643
vn -0.3171 0.9038 0.2874
vn -0.0364 -0.9988 0.0330
vn -0.7188 -0.2427 0.6515
vn -0.3813 0.8575 0.3456
vn -0.6977 -0.3365 0.6324
vn -0.4417 0.8029 0.4004
vn -0.6700 -0.4271 0.6072
vn -0.4979 0.7405 0.4513
vn -0.6357 -0.5136 0.5762
vn -0.5493 0.6711 0.4979
vn -0.5954 -0.5952 0.5396
vn -0.5954 0.5952 0.5396
vn -0.5493 -0.6711 0.4979
vn -0.6357 0.5136 0.5762
vn -0.4979 -0.7405 0.4513
vn -0.6700 0.4271 0.6072
vn -0.4417 -0.8029 0.4004
vn -0.6977 0.3365 0.6324
vn -0.1180 0.9892 0.0875
vn -0.2709 -0.9414 0.2009
vn -0.8022 0.0490 0.5950
vn -0.1954 0.9700 0.1449
vn -0.1954 -0.9700 0.1449
vn -0.8022 -0.0490 0.5950
vn -0.2709 0.9414 0.2009
vn -0.1180 -0.9892 0.0875
vn -0.7945 -0.1466 0.5893
vn -0.3438 0.9038 0.2549
vn -0.0395 -0.9988 0.0293
vn -0.7792 -0.2427 0.5779
vn -0.4133 0.8575 0.3065
vn -0.7564 -0.3365 0.5610
vn -0.4788 0.8029 0.3551
vn -0.7263 -0.4271 0.5386
vn -0.5398 0.7405 0.4003
vn -0.6892 -0.5136 0.5111
vn -0.5955 0.6711 0.4416
vn -0.6454 -0.5952 0.4787
vn -0.6454 0.5952 0.4787
vn -0.5955 -0.6711 0.4416
vn -0.6892 0.5136 0.5111
vn -0.5398 -0.7405 0.4003
vn -0.7263 0.4271 0.5386
vn -0.4788 -0.8029 0.3551
vn -0.7564 0.3365 0.5610
vn -0.4133 -0.8575 0.3065
vn -0.7792 0.2427 0.5779
vn -0.0395 0.9988 0.0293
vn -0.3438 -0.9038 0.2549
vn -0.7945 0.1466 0.5893
vn -0.2893 0.9414 0.1734
vn -0.1260 -0.9892 0.0755
vn -0.8485 -0.1466 0.5086
vn -0.3671 0.9038 0.2200
vn -0.0421 -0.9988 0.0253
vn -0.8321 -0.2427 0.4987
vn -0.4413 0.8575 0.2645
vn -0.8077 -0.3365 0.4841
vn -0.5113 0.8029 0.3065
vn -0.7755 -0.4271 0.4648
vn -0.5764 0.7405 0.3455
vn -0.7359 -0.5136 0.4411
vn -0.6359 0.6711 0.3811
vn -0.6892 -0.5952 0.4131
vn -0.6892 0.5952 0.4131
vn -0.6359 -0.6711 0.3811
vn -0.7359 0.5136 0.4411
vn -0.5764 -0.7405 0.3455
vn -0.7755 0.4271 0.4648
vn -0.5113 -0.8029 0.3065
vn -0.8077 0.3365 0.4841
vn -0.4413 -0.8575 0.2645
vn -0.8321 0.2427 0.4987
vn -0.0421 0.9988 0.0253
vn -0.3671 -0.9038 0.2200
vn -0.8485 0.1466 0.5086
vn -0.1260 0.9892 0.0755
vn -0.2893 -0.9414 0.1734
vn -0.8567 0.0490 0.5135
vn -0.2086 0.9700 0.1251
vn -0.2086 -0.9700 0.1251
vn -0.8567 -0.0490 0.5135
vn -0.4652 0.8575 0.2200
vn -0.8513 -0.3365 0.4026
vn -0.5389 0.8029 0.2549
vn -0.8174 -0.4271 0.3866
vn -0.6075 0.7405 0.2873
vn -0.7756 -0.5136 0.3668
vn -0.6702 0.6711 0.3170
vn -0.7264 -0.5952 0.3436
vn -0.7264 0.5952 0.3436
vn -0.6702 -0.6711 0.3170
vn -0.7756 0.5136 0.3668
vn -0.6075 -0.7405 0.2873
vn -0.8174 0.4271 0.3866
vn -0.5389 -0.8029 0.2549
vn -0.8513 0.3365 0.4026
vn -0.4652 -0.8575 0.2200
vn -0.8770 0.2427 0.4148
vn -0.0444 0.9988 0.0210
vn -0.3869 -0.9038 0.1830
vn -0.8942 0.1466 0.4229
vn -0.1328 0.9892 0.0628
vn -0.3049 -0.9414 0.1442
vn -0.9029 0.0490 0.4270
vn -0.2199 0.9700 0.1040
vn -0.2199 -0.9700 0.1040
vn -0.9029 -0.0490 0.4270
vn -0.3049 0.9414 0.1442
vn -0.1328 -0.9892 0.0628
vn -0.8942 -0.1466 0.4229
vn -0.3869 0.9038 0.1830
vn -0.0444 -0.9988 0.0210
vn -0.8770 -0.2427 0.4148
vn -0.6327 0.7405 0.2264
vn -0.8078 -0.5136 0.2891
vn -0.6980 0.6711 0.2498
vn -0.7566 -0.5952 0.2707
vn -0.7566 0.5952 0.2707
vn -0.6980 -0.6711 0.2498
vn -0.8078 0.5136 0.2891
vn -0.6327 -0.7405 0.2264
vn -0.8513 0.4271 0.3046
vn -0.5613 -0.8029 0.2008
vn -0.8866 0.3365 0.3172
vn -0.4845 -0.8575 0.1733
vn -0.9134 0.2427 0.3268
vn -0.0462 0.9988 0.0166
vn -0.4030 -0.9038 0.1442
vn -0.9314 0.1466 0.3333
vn -0.1383 0.9892 0.0495
vn -0.3175 -0.9414 0.1136
vn -0.9404 0.0490 0.3365
vn -0.2290 0.9700 0.0820
vn -0.2290 -0.9700 0.0820
vn -0.9404 -0.0490 0.3365
vn -0.3175 0.9414 0.1136
vn -0.1383 -0.9892 0.0495
vn -0.9314 -0.1466 0.3333
vn -0.4030 0.9038 0.1442
vn -0.0462 -0.9988 0.0166
vn -0.9134 -0.2427 0.3268
vn -0.4845 0.8575 0.1733
vn -0.8866 -0.3365 0.3172
vn -0.5613 0.8029 0.2008
vn -0.8513 -0.4271 0.3046
vn -0.7795 0.5952 0.1952
vn -0.7191 -0.6711 0.1801
vn -0.8323 0.5136 0.2085
vn -0.6519 -0.7405 0.1633
vn -0.8771 0.4271 0.2197
vn -0.5783 -0.8029 0.1449
vn -0.9135 0.3365 0.2288
vn -0.4991 -0.8575 0.1250
vn -0.9410 0.2427 0.2357
vn -0.0477 0.9988 0.0119
vn -0.4152 -0.9038 0.1040
vn -0.9596 0.1466 0.2404
vn -0.1425 0.9892 0.0357
vn -0.3271 -0.9414 0.0819
vn -0.9689 0.0490 0.2427
vn -0.2360 0.9700 0.0591
vn -0.2360 -0.9700 0.0591
vn -0.9689 -0.0490 0.2427
vn -0.3271 0.9414 0.0819
vn -0.1425 -0.9892 0.0357
vn -0.9596 -0.1466 0.2404
vn -0.4152 0.9038 0.1040
vn -0.0477 -0.9988 0.0119
vn -0.9410 -0.2427 0.2357
vn -0.4991 0.8575 0.1250
vn -0.9135 -0.3365 0.2288
vn -0.5783 0.8029 0.1449
vn -0.8771 -0.4271 0.2197
vn -0.6519 0.7405 0.1633
vn -0.8323 -0.5136 0.2085
vn -0.7191 0.6711 0.1801
vn -0.7795 -0.5952 0.1952
vn -0.8944 0.4271 0.1327
vn -0.5897 -0.8029 0.0875
vn -0.9315 0.3365 0.1382
vn -0.5090 -0.8575 0.0755
vn -0.9596 0.2427 0.1423
vn -0.0486 0.9988 0.0072
vn -0.4233 -0.9038 0.0628
vn -0.9785 0.1466 0.1451
vn -0.1453 0.9892 0.0216
vn -0.3336 -0.9414 0.0495
vn -0.9880 0.0490 0.1466
vn -0.2406 0.9700 0.0357
vn -0.2406 -0.9700 0.0357
vn -0.9880 -0.0490 0.1466
vn -0.3336 0.9414 0.0495
vn -0.1453 -0.9892 0.0216
vn -0.9785 -0.1466 0.1451
vn -0.4233 0.9038 0.0628
vn -0.0486 -0.9988 0.0072
vn -0.9596 -0.2427 0.1423
vn -0.5090 0.8575 0.0755
vn -0.9315 -0.3365 0.1382
vn -0.5897 0.8029 0.0875
vn -0.8944 -0.4271 0.1327
vn -0.6647 0.7405 0.0986
vn -0.8487 -0.5136 0.1259
vn -0.7333 0.6711 0.1088
vn -0.7949 -0.5952 0.1179
vn -0.7949 0.5952 0.1179
vn -0.7333 -0.6711 0.1088
vn -0.8487 0.5136 0.1259
vn -0.6647 -0.7405 0.0986
vn -0.9689 0.2427 0.0476
vn -0.0491 0.9988 0.0024
vn -0.4275 -0.9038 0.0210
vn -0.9880 0.1466 0.0485
vn -0.1467 0.9892 0.0072
vn -0.3368 -0.9414 0.0165
vn -0.9976 0.0490 0.0490
vn -0.2430 0.9700 0.0119
vn -0.2430 -0.9700 0.0119
vn -0.9976 -0.0490 0.0490
vn -0.3368 0.9414 0.0165
vn -0.1467 -0.9892 0.0072
vn -0.9880 -0.1466 0.0485
vn -0.4275 0.9038 0.0210
vn -0.0491 -0.9988 0.0024
vn -0.9689 -0.2427 0.0476
vn -0.5139 0.8575 0.0252
vn -0.9405 -0.3365 0.0462
vn -0.5954 0.8029 0.0293
vn -0.9031 -0.4271 0.0444
vn -0.6712 0.7405 0.0330
vn -0.8570 -0.5136 0.0421
vn -0.7405 0.6711 0.0364
vn -0.8026 -0.5952 0.0394
vn -0.8026 0.5952 0.0394
vn -0.7405 -0.6711 0.0364
vn -0.8570 0.5136 0.0421
vn -0.6712 -0.7405 0.0330
vn -0.9031 0.4271 0.0444
vn -0.5954 -0.8029 0.0293
vn -0.9405 0.3365 0.0462
vn -0.5139 -0.8575 0.0252
vn -0.9976 0.0490 -0.0490
vn -0.2430 0.9700 -0.0119
vn -0.2430 -0.9700 -0.0119
vn -0.9976 -0.0490 -0.0490
vn -0.3368 0.9414 -0.0165
vn -0.1467 -0.9892 -0.0072
vn -0.9880 -0.1466 -0.0485
vn -0.4275 0.9038 -0.0210
vn -0.0491 -0.9988 -0.0024
vn -0.9689 -0.2427 -0.0476
vn -0.5139 0.8575 -0.0252
vn -0.9405 -0.3365 -0.0462
vn -0.5954 0.8029 -0.0293
vn -0.9031 -0.4271 -0.0444
vn -0.6712 0.7405 -0.0330
vn -0.8570 -0.5136 -0.0421
vn -0.7405 0.6711 -0.0364
vn -0.8026 -0.5952 -0.0394
vn -0.8026 0.5952 -0.0394
vn -0.7405 -0.6711 -0.0364
vn -0.8570 0.5136 -0.0421
vn -0.6712 -0.7405 -0.0330
vn -0.9031 0.4271 -0.0444
vn -0.5954 -0.8029 -0.0293
vn -0.9405 0.3365 -0.0462
vn -0.5139 -0.8575 -0.0252
vn -0.9689 0.2427 -0.0476
vn -0.0491 0.9988 -0.0024
vn -0.4275 -0.9038 -0.0210
vn -0.9880 0.1466 -0.0485
vn -0.1467 0.9892 -0.0072
vn -0.3368 -0.9414 -0.0165
vn -0.9785 -0.1466 -0.1451
vn -0.4233 0.9038 -0.0628
vn -0.0486 -0.9988 -0.0072
vn -0.9596 -0.2427 -0.1423
vn -0.5090 0.8575 -0.0755
vn -0.9315 -0.3365 -0.1382
vn -0.5897 0.8029 -0.0875
vn -0.8944 -0.4271 -0.1327
vn -0.6647 0.7405 -0.0986
vn -0.8487 -0.5136 -0.1259
vn -0.7333 0.6711 -0.1088
vn -0.7949 -0.5952 -0.1179
vn -0.7949 0.5952 -0.1179
vn -0.7333 -0.6711 -0.1088
vn -0.8487 0.5136 -0.1259
vn -0.6647 -0.7405 -0.0986
vn -0.8944 0.4271 -0.1327
vn -0.5897 -0.8029 -0.0875
vn -0.9315 0.3365 -0.1382
vn -0.5090 -0.8575 -0.0755
vn -0.9596 0.2427 -0.1423
vn -0.0486 0.9988 -0.0072
vn -0.4233 -0.9038 -0.0628
vn -0.9785 0.1466 -0.1451
vn -0.1453 0.9892 -0.0216
vn -0.3336 -0.9414 -0.0495
vn -0.9880 0.0490 -0.1466
vn -0.2406 0.9700 -0.0357
vn -0.2406 -0.9700 -0.0357
vn -0.9880 -0.0490 -0.1466
vn -0.3336 0.9414 -0.0495
vn -0.1453 -0.9892 -0.0216
vn -0.9135 -0.3365 -0.2288
vn -0.5783 0.8029 -0.1449
vn -0.8771 -0.4271 -0.2197
vn -0.6519 0.7405 -0.1633
vn -0.8323 -0.5136 -0.2085
vn -0.7191 0.6711 -0.1801
vn -0.7795 -0.5952 -0.1952
vn -0.7795 0.5952 -0.1952
vn -0.7191 -0.6711 -0.1801
vn -0.8323 0.5136 -0.2085
vn -0.6519 -0.7405 -0.1633
vn -0.8771 0.4271 -0.2197
vn -0.5783 -0.8029 -0.1449
vn -0.9135 0.3365 -0.2288
vn -0.4991 -0.8575 -0.1250
vn -0.9410 0.2427 -0.2357
vn -0.0477 0.9988 -0.0119
vn -0.4152 -0.9038 -0.1040
vn -0.9596 0.1466 -0.2404
vn -0.1425 0.9892 -0.0357
vn -0.3271 -0.9414 -0.0819
vn -0.9689 0.0490 -0.2427
vn -0.2360 0.9700 -0.0591
vn -0.2360 -0.9700 -0.0591
vn -0.9689 -0.0490 -0.2427
vn -0.3271 0.9414 -0.0819
vn -0.1425 -0.9892 -0.0357
vn -0.9596 -0.1466 -0.2404
vn -0.4152 0.9038 -0.1040
vn -0.0477 -0.9988 -0.0119
vn -0.9410 -0.2427 -0.2357
vn -0.4991 0.8575 -0.1250
vn -0.6327 0.7405 -0.2264
vn -0.8078 -0.5136 -0.2891
vn -0.6980 0.6711 -0.2498
vn -0.7566 -0.5952 -0.2707
vn -0.7566 0.5952 -0.2707
vn -0.6980 -0.6711 -0.2498
vn -0.8078 0.5136 -0.2891
vn -0.6327 -0.7405 -0.2264
vn -0.8513 0.4271 -0.3046
vn -0.5613 -0.8029 -0.2008
vn -0.8866 0.3365 -0.3172
vn -0.4845 -0.8575 -0.1733
vn -0.9134 0.2427 -0.3268
vn -0.0463 0.9988 -0.0166
vn -0.4030 -0.9038 -0.1442
vn -0.9314 0.1466 -0.3333
vn -0.1383 0.9892 -0.0495
vn -0.3175 -0.9414 -0.1136
vn -0.9404 0.0490 -0.3365
vn -0.2290 0.9700 -0.0820
vn -0.2290 -0.9700 -0.0820
vn -0.9404 -0.0490 -0.3365
vn -0.3175 0.9414 -0.1136
vn -0.1383 -0.9892 -0.0495
vn -0.9314 -0.1466 -0.3333
vn -0.4030 0.9038 -0.1442
vn -0.0462 -0.9988 -0.0166
vn -0.9134 -0.2427 -0.3268
vn -0.4845 0.8575 -0.1733
vn -0.8866 -0.3365 -0.3172
vn -0.5613 0.8029 -0.2008
vn -0.8513 -0.4271 -0.3046
vn -0.7264 0.5952 -0.3436
vn -0.6702 -0.6711 -0.3170
vn -0.7756 0.5136 -0.3668
vn -0.6075 -0.7405 -0.2873
vn -0.8174 0.4271 -0.3866
vn -0.5389 -0.8029 -0.2549
vn -0.8513 0.3365 -0.4026
vn -0.4652 -0.8575 -0.2200
vn -0.8770 0.2427 -0.4148
vn -0.0444 0.9988 -0.0210
vn -0.3869 -0.9038 -0.1830
vn -0.8942 0.1466 -0.4229
vn -0.1328 0.9892 -0.0628
vn -0.3049 -0.9414 -0.1442
vn -0.9029 0.0490 -0.4270
vn -0.2199 0.9700 -0.1040
vn -0.2199 -0.9700 -0.1040
vn -0.9029 -0.0490 -0.4270
vn -0.3049 0.9414 -0.1442
vn -0.1328 -0.9892 -0.0628
vn -0.8942 -0.1466 -0.4229
vn -0.3869 0.9038 -0.1830
vn -0.0444 -0.9988 -0.0210
vn -0.8770 -0.2427 -0.4148
vn -0.4652 0.8575 -0.2200
vn -0.8513 -0.3365 -0.4026
vn -0.5389 0.8029 -0.2549
vn -0.8174 -0.4271 -0.3866
vn -0.6075 0.7405 -0.2873
vn -0.7756 -0.5136 -0.3668
vn -0.6702 0.6711 -0.3170
vn -0.7264 -0.5952 -0.3436
vn -0.7755 0.4271 -0.4648
vn -0.5113 -0.8029 -0.3065
vn -0.8077 0.3365 -0.4841
vn -0.4413 -0.8575 -0.2645
vn -0.8321 0.2427 -0.4987
vn -0.0421 0.9988 -0.0253
vn -0.3671 -0.9038 -0.2200
vn -0.8485 0.1466 -0.5086
vn -0.1260 0.9892 -0.0755
vn -0.2893 -0.9414 -0.1734
vn -0.8567 0.0490 -0.5135
vn -0.2086 0.9700 -0.1251
vn -0.2086 -0.9700 -0.1251
vn -0.8567 -0.0490 -0.5135
vn -0.2893 0.9414 -0.1734
vn -0.1260 -0.9892 -0.0755
vn -0.8485 -0.1466 -0.5086
vn -0.3671 0.9038 -0.2200
vn -0.0421 -0.9988 -0.0253
vn -0.8321 -0.2427 -0.4987
vn -0.4413 0.8575 -0.2645
vn -0.8077 -0.3365 -0.4841
vn -0.5113 0.8029 -0.3065
vn -0.7755 -0.4271 -0.4648
vn -0.5764 0.7405 -0.3455
vn -0.7359 -0.5136 -0.4411
vn -0.6359 0.6711 -0.3811
vn -0.6892 -0.5952 -0.4131
vn -0.6892 0.5952 -0.4131
vn -0.6359 -0.6711 -0.3811
vn -0.7359 0.5136 -0.4411
vn -0.5764 -0.7405 -0.3455
vn -0.7792 0.2427 -0.5779
vn -0.0395 0.9988 -0.0293
vn -0.3438 -0.9038 -0.2549
vn -0.7945 0.1466 -0.5893
vn -0.1180 0.9892 -0.0875
vn -0.2709 -0.9414 -0.2009
vn -0.8022 0.0490 -0.5950
vn -0.1954 0.9700 -0.1449
vn -0.1954 -0.9700 -0.1449
vn -0.8022 -0.0490 -0.5950
vn -0.2709 0.9414 -0.2009
vn -0.1180 -0.9892 -0.0875
vn -0.7945 -0.1466 -0.5893
vn -0.3438 0.9038 -0.2549
vn -0.0395 -0.9988 -0.0293
vn -0.7792 -0.2427 -0.5779
vn -0.4133 0.8575 -0.3065
vn -0.7564 -0.3365 -0.5610
vn -0.4788 0.8029 -0.3551
vn -0.7263 -0.4271 -0.5386
vn -0.5398 0.7405 -0.4003
vn -0.6892 -0.5136 -0.5111
vn -0.5955 0.6711 -0.4416
vn -0.6454 -0.5952 -0.4787
vn -0.6454 0.5952 -0.4787
vn -0.5955 -0.6711 -0.4416
vn -0.6892 0.5136 -0.5111
vn -0.5398 -0.7405 -0.4003
vn -0.7263 0.4271 -0.5386
vn -0.4788 -0.8029 -0.3551
vn -0.7564 0.3365 -0.5610
vn -0.4133 -0.8575 -0.3065
vn -0.7401 0.0490 -0.6708
vn -0.1802 0.9700 -0.1634
vn -0.1802 -0.9700 -0.1634
vn -0.7401 -0.0490 -0.6708
vn -0.2499 0.9414 -0.2265
vn -0.1088 -0.9892 -0.0987
vn -0.7330 -0.1466 -0.6643
vn -0.3171 0.9038 -0.2874
vn -0.0364 -0.9988 -0.0330
vn -0.7188 -0.2427 -0.6515
vn -0.3813 0.8575 -0.3456
vn -0.6977 -0.3365 -0.6324
vn -0.4417 0.8029 -0.4004
vn -0.6700 -0.4271 -0.6072
vn -0.4979 0.7405 -0.4513
vn -0.6357 -0.5136 -0.5762
vn -0.5493 0.6711 -0.4979
vn -0.5954 -0.5952 -0.5396
vn -0.5954 0.5952 -0.5396
vn -0.5493 -0.6711 -0.4979
vn -0.6357 0.5136 -0.5762
vn -0.4979 -0.7405 -0.4513
vn -0.6700 0.4271 -0.6072
vn -0.4417 -0.8029 -0.4004
vn -0.6977 0.3365 -0.6324
vn -0.3813 -0.8575 -0.3456
vn -0.7188 0.2427 -0.6515
vn -0.0364 0.9988 -0.0330
vn -0.3171 -0.9038 -0.2874
vn -0.7330 0.1466 -0.6643
vn -0.1088 0.9892 -0.0987
vn -0.2499 -0.9414 -0.2265
vn -0.6643 -0.1466 -0.7330
vn -0.2874 0.9038 -0.3171
vn -0.0330 -0.9988 -0.0364
vn -0.6515 -0.2427 -0.7188
vn -0.3456 0.8575 -0.3813
vn -0.6324 -0.3365 -0.6977
vn -0.4004 0.8029 -0.4417
vn -0.6072 -0.4271 -0.6700
vn -0.4513 0.7405 -0.4979
vn -0.5762 -0.5136 -0.6357
vn -0.4979 0.6711 -0.5493
vn -0.5396 -0.5952 -0.5954
vn -0.5396 0.5952 -0.5954
vn -0.4979 -0.6711 -0.5493
vn -0.5762 0.5136 -0.6357
vn -0.4513 -0.7405 -0.4979
vn -0.6072 0.4271 -0.6700
vn -0.4004 -0.8029 -0.4417
vn -0.6324 0.3365 -0.6977
vn -0.3456 -0.8575 -0.3813
vn -0.6515 0.2427 -0.7188
vn -0.0330 0.9988 -0.0364
vn -0.2874 -0.9038 -0.3171
vn -0.6643 0.1466 -0.7330
vn -0.0987 0.9892 -0.1088
vn -0.2265 -0.9414 -0.2499
vn -0.6708 0.0490 -0.7401
vn -0.1634 0.9700 -0.1802
vn -0.1634 -0.9700 -0.1802
vn -0.6708 -0.0490 -0.7401
vn -0.2265 0.9414 -0.2499
vn -0.0987 -0.9892 -0.1088
vn -0.5610 -0.3365 -0.7564
vn -0.3551 0.8029 -0.4788
vn -0.5386 -0.4271 -0.7263
vn -0.4003 0.7405 -0.5398
vn -0.5111 -0.5136 -0.6892
vn -0.4416 0.6711 -0.5955
vn -0.4787 -0.5952 -0.6454
vn -0.4787 0.5952 -0.6454
vn -0.4416 -0.6711 -0.5955
vn -0.5111 0.5136 -0.6892
vn -0.4003 -0.7405 -0.5398
vn -0.5386 0.4271 -0.7263
vn -0.3551 -0.8029 -0.4788
vn -0.5610 0.3365 -0.7564
vn -0.3065 -0.8575 -0.4133
vn -0.5779 0.2427 -0.7792
vn -0.0293 0.9988 -0.0395
vn -0.2549 -0.9038 -0.3438
vn -0.5893 0.1466 -0.7945
vn -0.0875 0.9892 -0.1180
vn -0.2009 -0.9414 -0.2709
vn -0.5950 0.0490 -0.8022
vn -0.1449 0.9700 -0.1954
vn -0.1449 -0.9700 -0.1954
vn -0.5950 -0.0490 -0.8022
vn -0.2009 0.9414 -0.2709
vn -0.0875 -0.9892 -0.1180
vn -0.5893 -0.1466 -0.7945
vn -0.2549 0.9038 -0.3438
vn -0.0293 -0.9988 -0.0395
vn -0.5779 -0.2427 -0.7792
vn -0.3065 0.8575 -0.4133
vn -0.4411 -0.5136 -0.7359
vn -0.3811 0.6711 -0.6359
vn -0.4131 -0.5952 -0.6892
vn -0.4131 0.5952 -0.6892
vn -0.3811 -0.6711 -0.6359
vn -0.4411 0.5136 -0.7359
vn -0.3455 -0.7405 -0.5764
vn -0.4648 0.4271 -0.7755
vn -0.3065 -0.8029 -0.5113
vn -0.4841 0.3365 -0.8077
vn -0.2645 -0.8575 -0.4413
vn -0.4987 0.2427 -0.8321
vn -0.0253 0.9988 -0.0421
vn -0.2200 -0.9038 -0.3671
vn -0.5086 0.1466 -0.8485
vn -0.0755 0.9892 -0.1260
vn -0.1734 -0.9414 -0.2893
vn -0.5135 0.0490 -0.8567
vn -0.1251 0.9700 -0.2086
vn -0.1251 -0.9700 -0.2086
vn -0.5135 -0.0490 -0.8567
vn -0.1734 0.9414 -0.2893
vn -0.0755 -0.9892 -0.1260
vn -0.5086 -0.1466 -0.8485
vn -0.2200 0.9038 -0.3671
vn -0.0253 -0.9988 -0.0421
vn -0.4987 -0.2427 -0.8321
vn -0.2645 0.8575 -0.4413
vn -0.4841 -0.3365 -0.8077
vn -0.3065 0.8029 -0.5113
vn -0.4648 -0.4271 -0.7755
vn -0.3455 0.7405 -0.5764
vn -0.3170 -0.6711 -0.6702
vn -0.3668 0.5136 -0.7756
vn -0.2873 -0.7405 -0.6075
vn -0.3866 0.4271 -0.8174
vn -0.2549 -0.8029 -0.5389
vn -0.4026 0.3365 -0.8513
vn -0.2200 -0.8575 -0.4652
vn -0.4148 0.2427 -0.8770
vn -0.0210 0.9988 -0.0444
vn -0.1830 -0.9038 -0.3869
vn -0.4229 0.1466 -0.8942
vn -0.0628 0.9892 -0.1328
vn -0.1442 -0.9414 -0.3049
vn -0.4270 0.0490 -0.9029
vn -0.1040 0.9700 -0.2199
vn -0.1040 -0.9700 -0.2199
vn -0.4270 -0.0490 -0.9029
vn -0.1442 0.9414 -0.3049
vn -0.0628 -0.9892 -0.1328
vn -0.4229 -0.1466 -0.8942
vn -0.1830 0.9038 -0.3869
vn -0.0210 -0.9988 -0.0444
vn -0.4148 -0.2427 -0.8770
vn -0.2200 0.8575 -0.4652
vn -0.4026 -0.3365 -0.8513
vn -0.2549 0.8029 -0.5389
vn -0.3866 -0.4271 -0.8174
vn -0.2873 0.7405 -0.6075
vn -0.3668 -0.5136 -0.7756
vn -0.3170 0.6711 -0.6702
vn -0.3436 -0.5952 -0.7264
vn -0.3436 0.5952 -0.7264
vn -0.2008 -0.8029 -0.5613
vn -0.3172 0.3365 -0.8866
vn -0.1733 -0.8575 -0.4845
vn -0.3268 0.2427 -0.9134
vn -0.0165 0.9988 -0.0463
vn -0.1442 -0.9038 -0.4030
vn -0.3333 0.1466 -0.9314
vn -0.0495 0.9892 -0.1383
vn -0.1136 -0.9414 -0.3175
vn -0.3365 0.0490 -0.9404
vn -0.0819 0.9700 -0.2290
vn -0.0819 -0.9700 -0.2290
vn -0.3365 -0.0490 -0.9404
vn -0.1136 0.9414 -0.3175
vn -0.0495 -0.9892 -0.1383
vn -0.3333 -0.1466 -0.9314
vn -0.1442 0.9038 -0.4030
vn -0.0165 -0.9988 -0.0463
vn -0.3268 -0.2427 -0.9134
vn -0.1733 0.8575 -0.4845
vn -0.3172 -0.3365 -0.8866
vn -0.2008 0.8029 -0.5613
vn -0.3046 -0.4271 -0.8513
vn -0.2264 0.7405 -0.6327
vn -0.2891 -0.5136 -0.8078
vn -0.2498 0.6711 -0.6980
vn -0.2707 -0.5952 -0.7566
vn -0.2707 0.5952 -0.7566
vn -0.2498 -0.6711 -0.6980
vn -0.2891 0.5136 -0.8078
vn -0.2264 -0.7405 -0.6327
vn -0.3046 0.4271 -0.8513
vn -0.1040 -0.9038 -0.4152
vn -0.2404 0.1466 -0.9596
vn -0.0357 0.9892 -0.1425
vn -0.0819 -0.9414 -0.3271
vn -0.2427 0.0490 -0.9689
vn -0.0591 0.9700 -0.2360
vn -0.0591 -0.9700 -0.2360
vn -0.2427 -0.0490 -0.9689
vn -0.0819 0.9414 -0.3271
vn -0.0357 -0.9892 -0.1425
vn -0.2404 -0.1466 -0.9596
vn -0.1040 0.9038 -0.4152
vn -0.0119 -0.9988 -0.0477
vn -0.2357 -0.2427 -0.9410
vn -0.1250 0.8575 -0.4991
vn -0.2288 -0.3365 -0.9135
vn -0.1449 0.8029 -0.5783
vn -0.2197 -0.4271 -0.8771
vn -0.1633 0.7405 -0.6519
vn -0.2085 -0.5136 -0.8323
vn -0.1801 0.6711 -0.7191
vn -0.1952 -0.5952 -0.7795
vn -0.1952 0.5952 -0.7795
vn -0.1801 -0.6711 -0.7191
vn -0.2085 0.5136 -0.8323
vn -0.1633 -0.7405 -0.6519
vn -0.2197 0.4271 -0.8771
vn -0.1449 -0.8029 -0.5783
vn -0.2288 0.3365 -0.9135
vn -0.1250 -0.8575 -0.4991
vn -0.2357 0.2427 -0.9410
vn -0.0119 0.9988 -0.0477
vn -0.0357 -0.9700 -0.2406
vn -0.1466 -0.0490 -0.9880
vn -0.0495 0.9414 -0.3336
vn -0.0216 -0.9892 -0.1453
vn -0.1451 -0.1466 -0.9785
vn -0.0628 0.9038 -0.4233
vn -0.0072 -0.9988 -0.0486
vn -0.1423 -0.2427 -0.9596
vn -0.0755 0.8575 -0.5090
vn -0.1382 -0.3365 -0.9315
vn -0.0875 0.8029 -0.5897
vn -0.1327 -0.4271 -0.8944
vn -0.0986 0.7405 -0.6647
vn -0.1259 -0.5136 -0.8487
vn -0.1088 0.6711 -0.7333
vn -0.1179 -0.5952 -0.7949
vn -0.1179 0.5952 -0.7949
vn -0.1088 -0.6711 -0.7333
vn -0.1259 0.5136 -0.8487
vn -0.0986 -0.7405 -0.6647
vn -0.1327 0.4271 -0.8944
vn -0.0875 -0.8029 -0.5897
vn -0.1382 0.3365 -0.9315
vn -0.0755 -0.8575 -0.5090
vn -0.1423 0.2427 -0.9596
vn -0.0072 0.9988 -0.0486
vn -0.0628 -0.9038 -0.4233
vn -0.1451 0.1466 -0.9785
vn -0.0216 0.9892 -0.1453
vn -0.0495 -0.9414 -0.3336
vn -0.1466 0.0490 -0.9880
vn -0.0357 0.9700 -0.2406
vn -0.0024 -0.9988 -0.0491
vn -0.0476 -0.2427 -0.9689
vn -0.0252 0.8575 -0.5139
vn -0.0462 -0.3365 -0.9405
vn -0.0293 0.8029 -0.5954
vn -0.0444 -0.4271 -0.9031
vn -0.0330 0.7405 -0.6712
vn -0.0421 -0.5136 -0.8570
vn -0.0364 0.6711 -0.7405
vn -0.0394 -0.5952 -0.8026
vn -0.0394 0.5952 -0.8026
vn -0.0364 -0.6711 -0.7405
vn -0.0421 0.5136 -0.8570
vn -0.0330 -0.7405 -0.6712
vn -0.0444 0.4271 -0.9031
vn -0.0293 -0.8029 -0.5954
vn -0.0462 0.3365 -0.9405
vn -0.0252 -0.8575 -0.5139
vn -0.0476 0.2427 -0.9689
vn -0.0024 0.9988 -0.0491
vn -0.0210 -0.9038 -0.4275
vn -0.0485 0.1466 -0.9880
vn -0.0072 0.9892 -0.1467
vn -0.0165 -0.9414 -0.3368
vn -0.0490 0.0490 -0.9976
vn -0.0119 0.9700 -0.2430
vn -0.0119 -0.9700 -0.2430
vn -0.0490 -0.0490 -0.9976
vn -0.0165 0.9414 -0.3368
vn -0.0072 -0.9892 -0.1467
vn -0.0485 -0.1466 -0.9880
vn -0.0210 0.9038 -0.4275
vt 0.750000 0.562500
vt 0.750000 0.593750
vt 0.734375 0.593750
vt 0.734375 0.562500
vt 0.750000 0.968750
vt 0.742188 1.000000
vt 0.734375 0.968750
vt 0.750000 0.125000
vt 0.750000 0.156250
vt 0.734375 0.156250
vt 0.734375 0.125000
vt 0.750000 0.531250
vt 0.734375 0.531250
vt 0.750000 0.937500
vt 0.734375 0.937500
vt 0.750000 0.093750
vt 0.734375 0.093750
vt 0.750000 0.500000
vt 0.734375 0.500000
vt 0.750000 0.906250
vt 0.734375 0.906250
vt 0.750000 0.062500
vt 0.734375 0.062500
vt 0.750000 0.468750
vt 0.734375 0.468750
vt 0.750000 0.875000
vt 0.734375 0.875000
vt 0.750000 0.031250
vt 0.734375 0.031250
vt 0.750000 0.437500
vt 0.734375 0.437500
vt 0.750000 0.843750
vt 0.734375 0.843750
vt 0.742188 0.000000
vt 0.750000 0.406250
vt 0.734375 0.406250
vt 0.750000 0.812500
vt 0.734375 0.812500
vt 0.750000 0.375000
vt 0.734375 0.375000
vt 0.750000 0.781250
vt 0.734375 0.781250
vt 0.750000 0.343750
vt 0.734375 0.343750
vt 0.750000 0.750000
vt 0.734375 0.750000
vt 0.750000 0.312500
vt 0.734375 0.312500
vt 0.750000 0.718750
vt 0.734375 0.718750
vt 0.750000 0.281250
vt 0.734375 0.281250
vt 0.750000 0.687500
vt 0.734375 0.687500
vt 0.750000 0.250000
vt 0.734375 0.250000
vt 0.750000 0.656250
vt 0.734375 0.656250
vt 0.750000 0.218750
vt 0.734375 0.218750
vt 0.750000 0.625000
vt 0.734375 0.625000
vt 0.750000 0.187500
vt 0.734375 0.187500
vt 0.718750 0.750000
vt 0.718750 0.718750
vt 0.718750 0.312500
vt 0.718750 0.281250
vt 0.718750 0.687500
vt 0.718750 0.250000
vt 0.718750 0.656250
vt 0.718750 0.218750
vt 0.718750 0.625000
vt 0.718750 0.187500
vt 0.718750 0.593750
vt 0.718750 0.156250
vt 0.718750 0.562500
vt 0.726562 1.000000
vt 0.718750 0.968750
vt 0.718750 0.125000
vt 0.718750 0.531250
vt 0.718750 0.937500
vt 0.718750 0.093750
vt 0.718750 0.500000
vt 0.718750 0.906250
vt 0.718750 0.062500
vt 0.718750 0.468750
vt 0.718750 0.875000
vt 0.718750 0.031250
vt 0.718750 0.437500
vt 0.718750 0.843750
vt 0.726562 0.000000
vt 0.718750 0.406250
vt 0.718750 0.812500
vt 0.718750 0.375000
vt 0.718750 0.781250
vt 0.718750 0.343750
vt 0.703125 0.687500
vt 0.703125 0.656250
vt 0.703125 0.250000
vt 0.703125 0.218750
vt 0.703125 0.625000
vt 0.703125 0.187500
vt 0.703125 0.593750
vt 0.703125 0.156250
vt 0.703125 0.562500
vt 0.710938 1.000000
vt 0.703125 0.968750
vt 0.703125 0.125000
vt 0.703125 0.531250
vt 0.703125 0.937500
vt 0.703125 0.093750
vt 0.703125 0.500000
vt 0.703125 0.906250
vt 0.703125 0.062500
vt 0.703125 0.468750
vt 0.703125 0.875000
vt 0.703125 0.031250
vt 0.703125 0.437500
vt 0.703125 0.843750
vt 0.710938 0.000000
vt 0.703125 0.406250
vt 0.703125 0.812500
vt 0.703125 0.375000
vt 0.703125 0.781250
vt 0.703125 0.343750
vt 0.703125 0.750000
vt 0.703125 0.312500
vt 0.703125 0.718750
vt 0.703125 0.281250
vt 0.687500 0.625000
vt 0.687500 0.593750
vt 0.687500 0.187500
vt 0.687500 0.156250
vt 0.687500 0.562500
vt 0.695312 1.000000
vt 0.687500 0.968750
vt 0.687500 0.125000
vt 0.687500 0.531250
vt 0.687500 0.937500
vt 0.687500 0.093750
vt 0.687500 0.500000
vt 0.687500 0.906250
vt 0.687500 0.062500
vt 0.687500 0.468750
vt 0.687500 0.875000
vt 0.687500 0.031250
vt 0.687500 0.437500
vt 0.687500 0.843750
vt 0.695312 0.000000
vt 0.687500 0.406250
vt 0.687500 0.812500
vt 0.687500 0.375000
vt 0.687500 0.781250
vt 0.687500 0.343750
vt 0.687500 0.750000
vt 0.687500 0.312500
vt 0.687500 0.718750
vt 0.687500 0.281250
vt 0.687500 0.687500
vt 0.687500 0.250000
vt 0.687500 0.656250
vt 0.687500 0.218750
vt 0.671875 0.562500
vt 0.671875 0.531250
vt 0.671875 0.968750
vt 0.671875 0.937500
vt 0.671875 0.125000
vt 0.671875 0.093750
vt 0.671875 0.500000
vt 0.671875 0.906250
vt 0.671875 0.062500
vt 0.671875 0.468750
vt 0.671875 0.875000
vt 0.671875 0.031250
vt 0.671875 0.437500
vt 0.671875 0.843750
vt 0.679688 0.000000
vt 0.671875 0.406250
vt 0.671875 0.812500
vt 0.671875 0.375000
vt 0.671875 0.781250
vt 0.671875 0.343750
vt 0.671875 0.750000
vt 0.671875 0.312500
vt 0.671875 0.718750
vt 0.671875 0.281250
vt 0.671875 0.687500
vt 0.671875 0.250000
vt 0.671875 0.656250
vt 0.671875 0.218750
vt 0.671875 0.625000
vt 0.671875 0.187500
vt 0.671875 0.593750
vt 0.671875 0.156250
vt 0.679688 1.000000
vt 0.656250 0.500000
vt 0.656250 0.468750
vt 0.656250 0.906250
vt 0.656250 0.875000
vt 0.656250 0.062500
vt 0.656250 0.031250
vt 0.656250 0.437500
vt 0.656250 0.843750
vt 0.664062 0.000000
vt 0.656250 0.406250
vt 0.656250 0.812500
vt 0.656250 0.375000
vt 0.656250 0.781250
vt 0.656250 0.343750
vt 0.656250 0.750000
vt 0.656250 0.312500
vt 0.656250 0.718750
vt 0.656250 0.281250
vt 0.656250 0.687500
vt 0.656250 0.250000
vt 0.656250 0.656250
vt 0.656250 0.218750
vt 0.656250 0.625000
vt 0.656250 0.187500
vt 0.656250 0.593750
vt 0.656250 0.156250
vt 0.656250 0.562500
vt 0.664062 1.000000
vt 0.656250 0.968750
vt 0.656250 0.125000
vt 0.656250 0.531250
vt 0.656250 0.937500
vt 0.656250 0.093750
vt 0.640625 0.437500
vt 0.640625 0.406250
vt 0.640625 0.843750
vt 0.640625 0.812500
vt 0.640625 0.375000
vt 0.640625 0.781250
vt 0.640625 0.343750
vt 0.640625 0.750000
vt 0.640625 0.312500
vt 0.640625 0.718750
vt 0.640625 0.281250
vt 0.640625 0.687500
vt 0.640625 0.250000
vt 0.640625 0.656250
vt 0.640625 0.218750
vt 0.640625 0.625000
vt 0.640625 0.187500
vt 0.640625 0.593750
vt 0.640625 0.156250
vt 0.640625 0.562500
vt 0.648438 1.000000
vt 0.640625 0.968750
vt 0.640625 0.125000
vt 0.640625 0.531250
vt 0.640625 0.937500
vt 0.640625 0.093750
vt 0.640625 0.500000
vt 0.640625 0.906250
vt 0.640625 0.062500
vt 0.640625 0.468750
vt 0.640625 0.875000
vt 0.640625 0.031250
vt 0.648438 0.000000
vt 0.625000 0.375000
vt 0.625000 0.343750
vt 0.625000 0.781250
vt 0.625000 0.750000
vt 0.625000 0.312500
vt 0.625000 0.718750
vt 0.625000 0.281250
vt 0.625000 0.687500
vt 0.625000 0.250000
vt 0.625000 0.656250
vt 0.625000 0.218750
vt 0.625000 0.625000
vt 0.625000 0.187500
vt 0.625000 0.593750
vt 0.625000 0.156250
vt 0.625000 0.562500
vt 0.632812 1.000000
vt 0.625000 0.968750
vt 0.625000 0.125000
vt 0.625000 0.531250
vt 0.625000 0.937500
vt 0.625000 0.093750
vt 0.625000 0.500000
vt 0.625000 0.906250
vt 0.625000 0.062500
vt 0.625000 0.468750
vt 0.625000 0.875000
vt 0.625000 0.031250
vt 0.625000 0.437500
vt 0.625000 0.843750
vt 0.632812 0.000000
vt 0.625000 0.406250
vt 0.625000 0.812500
vt 0.609375 0.312500
vt 0.609375 0.281250
vt 0.609375 0.718750
vt 0.609375 0.687500
vt 0.609375 0.250000
vt 0.609375 0.656250
vt 0.609375 0.218750
vt 0.609375 0.625000
vt 0.609375 0.187500
vt 0.609375 0.593750
vt 0.609375 0.156250
vt 0.609375 0.562500
vt 0.617188 1.000000
vt 0.609375 0.968750
vt 0.609375 0.125000
vt 0.609375 0.531250
vt 0.609375 0.937500
vt 0.609375 0.093750
vt 0.609375 0.500000
vt 0.609375 0.906250
vt 0.609375 0.062500
vt 0.609375 0.468750
vt 0.609375 0.875000
vt 0.609375 0.031250
vt 0.609375 0.437500
vt 0.609375 0.843750
vt 0.617188 0.000000
vt 0.609375 0.406250
vt 0.609375 0.812500
vt 0.609375 0.375000
vt 0.609375 0.781250
vt 0.609375 0.343750
vt 0.609375 0.750000
vt 0.593750 0.250000
vt 0.593750 0.218750
vt 0.593750 0.656250
vt 0.593750 0.625000
vt 0.593750 0.187500
vt 0.593750 0.593750
vt 0.593750 0.156250
vt 0.593750 0.562500
vt 0.601562 1.000000
vt 0.593750 0.968750
vt 0.593750 0.125000
vt 0.593750 0.531250
vt 0.593750 0.937500
vt 0.593750 0.093750
vt 0.593750 0.500000
vt 0.593750 0.906250
vt 0.593750 0.062500
vt 0.593750 0.468750
vt 0.593750 0.875000
vt 0.593750 0.031250
vt 0.593750 0.437500
vt 0.593750 0.843750
vt 0.601562 0.000000
vt 0.593750 0.406250
vt 0.593750 0.812500
vt 0.593750 0.375000
vt 0.593750 0.781250
vt 0.593750 0.343750
vt 0.593750 0.750000
vt 0.593750 0.312500
vt 0.593750 0.718750
vt 0.593750 0.281250
vt 0.593750 0.687500
vt 0.578125 0.187500
vt 0.578125 0.156250
vt 0.578125 0.593750
vt 0.578125 0.562500
vt 0.585938 1.000000
vt 0.578125 0.968750
vt 0.578125 0.125000
vt 0.578125 0.531250
vt 0.578125 0.937500
vt 0.578125 0.093750
vt 0.578125 0.500000
vt 0.578125 0.906250
vt 0.578125 0.062500
vt 0.578125 0.468750
vt 0.578125 0.875000
vt 0.578125 0.031250
vt 0.578125 0.437500
vt 0.578125 0.843750
vt 0.585938 0.000000
vt 0.578125 0.406250
vt 0.578125 0.812500
vt 0.578125 0.375000
vt 0.578125 0.781250
vt 0.578125 0.343750
vt 0.578125 0.750000
vt 0.578125 0.312500
vt 0.578125 0.718750
vt 0.578125 0.281250
vt 0.578125 0.687500
vt 0.578125 0.250000
vt 0.578125 0.656250
vt 0.578125 0.218750
vt 0.578125 0.625000
vt 0.562500 0.968750
vt 0.562500 0.937500
vt 0.562500 0.125000
vt 0.562500 0.093750
vt 0.562500 0.531250
vt 0.562500 0.500000
vt 0.562500 0.906250
vt 0.562500 0.062500
vt 0.562500 0.468750
vt 0.562500 0.875000
vt 0.562500 0.031250
vt 0.562500 0.437500
vt 0.562500 0.843750
vt 0.570312 0.000000
vt 0.562500 0.406250
vt 0.562500 0.812500
vt 0.562500 0.375000
vt 0.562500 0.781250
vt 0.562500 0.343750
vt 0.562500 0.750000
vt 0.562500 0.312500
vt 0.562500 0.718750
vt 0.562500 0.281250
vt 0.562500 0.687500
vt 0.562500 0.250000
vt 0.562500 0.656250
vt 0.562500 0.218750
vt 0.562500 0.625000
vt 0.562500 0.187500
vt 0.562500 0.593750
vt 0.562500 0.156250
vt 0.562500 0.562500
vt 0.570312 1.000000
vt 0.546875 0.906250
vt 0.546875 0.875000
vt 0.546875 0.062500
vt 0.546875 0.031250
vt 0.546875 0.468750
vt 0.546875 0.437500
vt 0.546875 0.843750
vt 0.554688 0.000000
vt 0.546875 0.406250
vt 0.546875 0.812500
vt 0.546875 0.375000
vt 0.546875 0.781250
vt 0.546875 0.343750
vt 0.546875 0.750000
vt 0.546875 0.312500
vt 0.546875 0.718750
vt 0.546875 0.281250
vt 0.546875 0.687500
vt 0.546875 0.250000
vt 0.546875 0.656250
vt 0.546875 0.218750
vt 0.546875 0.625000
vt 0.546875 0.187500
vt 0.546875 0.593750
vt 0.546875 0.156250
vt 0.546875 0.562500
vt 0.554688 1.000000
vt 0.546875 0.968750
vt 0.546875 0.125000
vt 0.546875 0.531250
vt 0.546875 0.937500
vt 0.546875 0.093750
vt 0.546875 0.500000
vt 0.531250 0.843750
vt 0.531250 0.812500
vt 0.531250 0.406250
vt 0.531250 0.375000
vt 0.531250 0.781250
vt 0.531250 0.343750
vt 0.531250 0.750000
vt 0.531250 0.312500
vt 0.531250 0.718750
vt 0.531250 0.281250
vt 0.531250 0.687500
vt 0.531250 0.250000
vt 0.531250 0.656250
vt 0.531250 0.218750
vt 0.531250 0.625000
vt 0.531250 0.187500
vt 0.531250 0.593750
vt 0.531250 0.156250
vt 0.531250 0.562500
vt 0.539062 1.000000
vt 0.531250 0.968750
vt 0.531250 0.125000
vt 0.531250 0.531250
vt 0.531250 0.937500
vt 0.531250 0.093750
vt 0.531250 0.500000
vt 0.531250 0.906250
vt 0.531250 0.062500
vt 0.531250 0.468750
vt 0.531250 0.875000
vt 0.531250 0.031250
vt 0.531250 0.437500
vt 0.539062 0.000000
vt 0.515625 0.781250
vt 0.515625 0.750000
vt 0.515625 0.343750
vt 0.515625 0.312500
vt 0.515625 0.718750
vt 0.515625 0.281250
vt 0.515625 0.687500
vt 0.515625 0.250000
vt 0.515625 0.656250
vt 0.515625 0.218750
vt 0.515625 0.625000
vt 0.515625 0.187500
vt 0.515625 0.593750
vt 0.515625 0.156250
vt 0.515625 0.562500
vt 0.523438 1.000000
vt 0.515625 0.968750
vt 0.515625 0.125000
vt 0.515625 0.531250
vt 0.515625 0.937500
vt 0.515625 0.093750
vt 0.515625 0.500000
vt 0.515625 0.906250
vt 0.515625 0.062500
vt 0.515625 0.468750
vt 0.515625 0.875000
vt 0.515625 0.031250
vt 0.515625 0.437500
vt 0.515625 0.843750
vt 0.523438 0.000000
vt 0.515625 0.406250
vt 0.515625 0.812500
vt 0.515625 0.375000
vt 0.500000 0.718750
vt 0.500000 0.687500
vt 0.500000 0.281250
vt 0.500000 0.250000
vt 0.500000 0.656250
vt 0.500000 0.218750
vt 0.500000 0.625000
vt 0.500000 0.187500
vt 0.500000 0.593750
vt 0.500000 0.156250
vt 0.500000 0.562500
vt 0.507812 1.000000
vt 0.500000 0.968750
vt 0.500000 0.125000
vt 0.500000 0.531250
vt 0.500000 0.937500
vt 0.500000 0.093750
vt 0.500000 0.500000
vt 0.500000 0.906250
vt 0.500000 0.062500
vt 0.500000 0.468750
vt 0.500000 0.875000
vt 0.500000 0.031250
vt 0.500000 0.437500
vt 0.500000 0.843750
vt 0.507812 0.000000
vt 0.500000 0.406250
vt 0.500000 0.812500
vt 0.500000 0.375000
vt 0.500000 0.781250
vt 0.500000 0.343750
vt 0.500000 0.750000
vt 0.500000 0.312500
vt 0.484375 0.656250
vt 0.484375 0.625000
vt 0.484375 0.218750
vt 0.484375 0.187500
vt 0.484375 0.593750
vt 0.484375 0.156250
vt 0.484375 0.562500
vt 0.492188 1.000000
vt 0.484375 0.968750
vt 0.484375 0.125000
vt 0.484375 0.531250
vt 0.484375 0.937500
vt 0.484375 0.093750
vt 0.484375 0.500000
vt 0.484375 0.906250
vt 0.484375 0.062500
vt 0.484375 0.468750
vt 0.484375 0.875000
vt 0.484375 0.031250
vt 0.484375 0.437500
vt 0.484375 0.843750
vt 0.492188 0.000000
vt 0.484375 0.406250
vt 0.484375 0.812500
vt 0.484375 0.375000
vt 0.484375 0.781250
vt 0.484375 0.343750
vt 0.484375 0.750000
vt 0.484375 0.312500
vt 0.484375 0.718750
vt 0.484375 0.281250
vt 0.484375 0.687500
vt 0.484375 0.250000
vt 0.468750 0.593750
vt 0.468750 0.562500
vt 0.476562 1.000000
vt 0.468750 0.968750
vt 0.468750 0.156250
vt 0.468750 0.125000
vt 0.468750 0.531250
vt 0.468750 0.937500
vt 0.468750 0.093750
vt 0.468750 0.500000
vt 0.468750 0.906250
vt 0.468750 0.062500
vt 0.468750 0.468750
vt 0.468750 0.875000
vt 0.468750 0.031250
vt 0.468750 0.437500
vt 0.468750 0.843750
vt 0.476562 0.000000
vt 0.468750 0.406250
vt 0.468750 0.812500
vt 0.468750 0.375000
vt 0.468750 0.781250
vt 0.468750 0.343750
vt 0.468750 0.750000
vt 0.468750 0.312500
vt 0.468750 0.718750
vt 0.468750 0.281250
vt 0.468750 0.687500
vt 0.468750 0.250000
vt 0.468750 0.656250
vt 0.468750 0.218750
vt 0.468750 0.625000
vt 0.468750 0.187500
vt 0.453125 0.531250
vt 0.453125 0.500000
vt 0.453125 0.937500
vt 0.453125 0.906250
vt 0.453125 0.093750
vt 0.453125 0.062500
vt 0.453125 0.468750
vt 0.453125 0.875000
vt 0.453125 0.031250
vt 0.453125 0.437500
vt 0.453125 0.843750
vt 0.460938 0.000000
vt 0.453125 0.406250
vt 0.453125 0.812500
vt 0.453125 0.375000
vt 0.453125 0.781250
vt 0.453125 0.343750
vt 0.453125 0.750000
vt 0.453125 0.312500
vt 0.453125 0.718750
vt 0.453125 0.281250
vt 0.453125 0.687500
vt 0.453125 0.250000
vt 0.453125 0.656250
vt 0.453125 0.218750
vt 0.453125 0.625000
vt 0.453125 0.187500
vt 0.453125 0.593750
vt 0.453125 0.156250
vt 0.453125 0.562500
vt 0.460938 1.000000
vt 0.453125 0.968750
vt 0.453125 0.125000
vt 0.437500 0.468750
vt 0.437500 0.437500
vt 0.437500 0.875000
vt 0.437500 0.843750
vt 0.445312 0.000000
vt 0.437500 0.031250
vt 0.437500 0.406250
vt 0.437500 0.812500
vt 0.437500 0.375000
vt 0.437500 0.781250
vt 0.437500 0.343750
vt 0.437500 0.750000
vt 0.437500 0.312500
vt 0.437500 0.718750
vt 0.437500 0.281250
vt 0.437500 0.687500
vt 0.437500 0.250000
vt 0.437500 0.656250
vt 0.437500 0.218750
vt 0.437500 0.625000
vt 0.437500 0.187500
vt 0.437500 0.593750
vt 0.437500 0.156250
vt 0.437500 0.562500
vt 0.445312 1.000000
vt 0.437500 0.968750
vt 0.437500 0.125000
vt 0.437500 0.531250
vt 0.437500 0.937500
vt 0.437500 0.093750
vt 0.437500 0.500000
vt 0.437500 0.906250
vt 0.437500 0.062500
vt 0.421875 0.406250
vt 0.421875 0.375000
vt 0.421875 0.812500
vt 0.421875 0.781250
vt 0.421875 0.343750
vt 0.421875 0.750000
vt 0.421875 0.312500
vt 0.421875 0.718750
vt 0.421875 0.281250
vt 0.421875 0.687500
vt 0.421875 0.250000
vt 0.421875 0.656250
vt 0.421875 0.218750
vt 0.421875 0.625000
vt 0.421875 0.187500
vt 0.421875 0.593750
vt 0.421875 0.156250
vt 0.421875 0.562500
vt 0.429688 1.000000
vt 0.421875 0.968750
vt 0.421875 0.125000
vt 0.421875 0.531250
vt 0.421875 0.937500
vt 0.421875 0.093750
vt 0.421875 0.500000
vt 0.421875 0.906250
vt 0.421875 0.062500
vt 0.421875 0.468750
vt 0.421875 0.875000
vt 0.421875 0.031250
vt 0.421875 0.437500
vt 0.421875 0.843750
vt 0.429688 0.000000
vt 0.406250 0.343750
vt 0.406250 0.312500
vt 0.406250 0.750000
vt 0.406250 0.718750
vt 0.406250 0.281250
vt 0.406250 0.687500
vt 0.406250 0.250000
vt 0.406250 0.656250
vt 0.406250 0.218750
vt 0.406250 0.625000
vt 0.406250 0.187500
vt 0.406250 0.593750
vt 0.406250 0.156250
vt 0.406250 0.562500
vt 0.414062 1.000000
vt 0.406250 0.968750
vt 0.406250 0.125000
vt 0.406250 0.531250
vt 0.406250 0.937500
vt 0.406250 0.093750
vt 0.406250 0.500000
vt 0.406250 0.906250
vt 0.406250 0.062500
vt 0.406250 0.468750
vt 0.406250 0.875000
vt 0.406250 0.031250
vt 0.406250 0.437500
vt 0.406250 0.843750
vt 0.414062 0.000000
vt 0.406250 0.406250
vt 0.406250 0.812500
vt 0.406250 0.375000
vt 0.406250 0.781250
vt 0.390625 0.281250
vt 0.390625 0.250000
vt 0.390625 0.687500
vt 0.390625 0.656250
vt 0.390625 0.218750
vt 0.390625 0.625000
vt 0.390625 0.187500
vt 0.390625 0.593750
vt 0.390625 0.156250
vt 0.390625 0.562500
vt 0.398438 1.000000
vt 0.390625 0.968750
vt 0.390625 0.125000
vt 0.390625 0.531250
vt 0.390625 0.937500
vt 0.390625 0.093750
vt 0.390625 0.500000
vt 0.390625 0.906250
vt 0.390625 0.062500
vt 0.390625 0.468750
vt 0.390625 0.875000
vt 0.390625 0.031250
vt 0.390625 0.437500
vt 0.390625 0.843750
vt 0.398438 0.000000
vt 0.390625 0.406250
vt 0.390625 0.812500
vt 0.390625 0.375000
vt 0.390625 0.781250
vt 0.390625 0.343750
vt 0.390625 0.750000
vt 0.390625 0.312500
vt 0.390625 0.718750
vt 0.375000 0.218750
vt 0.375000 0.187500
vt 0.375000 0.625000
vt 0.375000 0.593750
vt 0.375000 0.156250
vt 0.375000 0.562500
vt 0.382812 1.000000
vt 0.375000 0.968750
vt 0.375000 0.125000
vt 0.375000 0.531250
vt 0.375000 0.937500
vt 0.375000 0.093750
vt 0.375000 0.500000
vt 0.375000 0.906250
vt 0.375000 0.062500
vt 0.375000 0.468750
vt 0.375000 0.875000
vt 0.375000 0.031250
vt 0.375000 0.437500
vt 0.375000 0.843750
vt 0.382812 0.000000
vt 0.375000 0.406250
vt 0.375000 0.812500
vt 0.375000 0.375000
vt 0.375000 0.781250
vt 0.375000 0.343750
vt 0.375000 0.750000
vt 0.375000 0.312500
vt 0.375000 0.718750
vt 0.375000 0.281250
vt 0.375000 0.687500
vt 0.375000 0.250000
vt 0.375000 0.656250
vt 0.359375 0.156250
vt 0.359375 0.125000
vt 0.359375 0.562500
vt 0.359375 0.531250
vt 0.359375 0.968750
vt 0.359375 0.937500
vt 0.359375 0.093750
vt 0.359375 0.500000
vt 0.359375 0.906250
vt 0.359375 0.062500
vt 0.359375 0.468750
vt 0.359375 0.875000
vt 0.359375 0.031250
vt 0.359375 0.437500
vt 0.359375 0.843750
vt 0.367188 0.000000
vt 0.359375 0.406250
vt 0.359375 0.812500
vt 0.359375 0.375000
vt 0.359375 0.781250
vt 0.359375 0.343750
vt 0.359375 0.750000
vt 0.359375 0.312500
vt 0.359375 0.718750
vt 0.359375 0.281250
vt 0.359375 0.687500
vt 0.359375 0.250000
vt 0.359375 0.656250
vt 0.359375 0.218750
vt 0.359375 0.625000
vt 0.359375 0.187500
vt 0.359375 0.593750
vt 0.367188 1.000000
vt 0.343750 0.093750
vt 0.343750 0.062500
vt 0.343750 0.500000
vt 0.343750 0.468750
vt 0.343750 0.906250
vt 0.343750 0.875000
vt 0.343750 0.031250
vt 0.343750 0.437500
vt 0.343750 0.843750
vt 0.351562 0.000000
vt 0.343750 0.406250
vt 0.343750 0.812500
vt 0.343750 0.375000
vt 0.343750 0.781250
vt 0.343750 0.343750
vt 0.343750 0.750000
vt 0.343750 0.312500
vt 0.343750 0.718750
vt 0.343750 0.281250
vt 0.343750 0.687500
vt 0.343750 0.250000
vt 0.343750 0.656250
vt 0.343750 0.218750
vt 0.343750 0.625000
vt 0.343750 0.187500
vt 0.343750 0.593750
vt 0.343750 0.156250
vt 0.343750 0.562500
vt 0.351562 1.000000
vt 0.343750 0.968750
vt 0.343750 0.125000
vt 0.343750 0.531250
vt 0.343750 0.937500
vt 0.328125 0.218750
vt 0.328125 0.187500
vt 0.328125 0.625000
vt 0.328125 0.593750
vt 0.328125 0.156250
vt 0.328125 0.562500
vt 0.335937 1.000000
vt 0.328125 0.968750
vt 0.328125 0.125000
vt 0.328125 0.531250
vt 0.328125 0.937500
vt 0.328125 0.093750
vt 0.328125 0.500000
vt 0.328125 0.906250
vt 0.328125 0.062500
vt 0.328125 0.468750
vt 0.328125 0.875000
vt 0.328125 0.031250
vt 0.328125 0.437500
vt 0.328125 0.843750
vt 0.335937 0.000000
vt 0.328125 0.406250
vt 0.328125 0.812500
vt 0.328125 0.375000
vt 0.328125 0.781250
vt 0.328125 0.343750
vt 0.328125 0.750000
vt 0.328125 0.312500
vt 0.328125 0.718750
vt 0.328125 0.281250
vt 0.328125 0.687500
vt 0.328125 0.250000
vt 0.328125 0.656250
vt 0.320312 1.000000
vt 0.312500 0.968750
vt 0.312500 0.156250
vt 0.312500 0.125000
vt 0.312500 0.562500
vt 0.312500 0.531250
vt 0.312500 0.937500
vt 0.312500 0.093750
vt 0.312500 0.500000
vt 0.312500 0.906250
vt 0.312500 0.062500
vt 0.312500 0.468750
vt 0.312500 0.875000
vt 0.312500 0.031250
vt 0.312500 0.437500
vt 0.312500 0.843750
vt 0.320312 0.000000
vt 0.312500 0.406250
vt 0.312500 0.812500
vt 0.312500 0.375000
vt 0.312500 0.781250
vt 0.312500 0.343750
vt 0.312500 0.750000
vt 0.312500 0.312500
vt 0.312500 0.718750
vt 0.312500 0.281250
vt 0.312500 0.687500
vt 0.312500 0.250000
vt 0.312500 0.656250
vt 0.312500 0.218750
vt 0.312500 0.625000
vt 0.312500 0.187500
vt 0.312500 0.593750
vt 0.296875 0.937500
vt 0.296875 0.906250
vt 0.296875 0.093750
vt 0.296875 0.062500
vt 0.296875 0.500000
vt 0.296875 0.468750
vt 0.296875 0.875000
vt 0.296875 0.031250
vt 0.296875 0.437500
vt 0.296875 0.843750
vt 0.304688 0.000000
vt 0.296875 0.406250
vt 0.296875 0.812500
vt 0.296875 0.375000
vt 0.296875 0.781250
vt 0.296875 0.343750
vt 0.296875 0.750000
vt 0.296875 0.312500
vt 0.296875 0.718750
vt 0.296875 0.281250
vt 0.296875 0.687500
vt 0.296875 0.250000
vt 0.296875 0.656250
vt 0.296875 0.218750
vt 0.296875 0.625000
vt 0.296875 0.187500
vt 0.296875 0.593750
vt 0.296875 0.156250
vt 0.296875 0.562500
vt 0.304688 1.000000
vt 0.296875 0.968750
vt 0.296875 0.125000
vt 0.296875 0.531250
vt 0.281250 0.875000
vt 0.281250 0.843750
vt 0.289062 0.000000
vt 0.281250 0.031250
vt 0.281250 0.437500
vt 0.281250 0.406250
vt 0.281250 0.812500
vt 0.281250 0.375000
vt 0.281250 0.781250
vt 0.281250 0.343750
vt 0.281250 0.750000
vt 0.281250 0.312500
vt 0.281250 0.718750
vt 0.281250 0.281250
vt 0.281250 0.687500
vt 0.281250 0.250000
vt 0.281250 0.656250
vt 0.281250 0.218750
vt 0.281250 0.625000
vt 0.281250 0.187500
vt 0.281250 0.593750
vt 0.281250 0.156250
vt 0.281250 0.562500
vt 0.289062 1.000000
vt 0.281250 0.968750
vt 0.281250 0.125000
vt 0.281250 0.531250
vt 0.281250 0.937500
vt 0.281250 0.093750
vt 0.281250 0.500000
vt 0.281250 0.906250
vt 0.281250 0.062500
vt 0.281250 0.468750
vt 0.265625 0.812500
vt 0.265625 0.781250
vt 0.265625 0.375000
vt 0.265625 0.343750
vt 0.265625 0.750000
vt 0.265625 0.312500
vt 0.265625 0.718750
vt 0.265625 0.281250
vt 0.265625 0.687500
vt 0.265625 0.250000
vt 0.265625 0.656250
vt 0.265625 0.218750
vt 0.265625 0.625000
vt 0.265625 0.187500
vt 0.265625 0.593750
vt 0.265625 0.156250
vt 0.265625 0.562500
vt 0.273438 1.000000
vt 0.265625 0.968750
vt 0.265625 0.125000
vt 0.265625 0.531250
vt 0.265625 0.937500
vt 0.265625 0.093750
vt 0.265625 0.500000
vt 0.265625 0.906250
vt 0.265625 0.062500
vt 0.265625 0.468750
vt 0.265625 0.875000
vt 0.265625 0.031250
vt 0.265625 0.437500
vt 0.265625 0.843750
vt 0.273438 0.000000
vt 0.265625 0.406250
vt 0.250000 0.750000
vt 0.250000 0.718750
vt 0.250000 0.312500
vt 0.250000 0.281250
vt 0.250000 0.687500
vt 0.250000 0.250000
vt 0.250000 0.656250
vt 0.250000 0.218750
vt 0.250000 0.625000
vt 0.250000 0.187500
vt 0.250000 0.593750
vt 0.250000 0.156250
vt 0.250000 0.562500
vt 0.257812 1.000000
vt 0.250000 0.968750
vt 0.250000 0.125000
vt 0.250000 0.531250
vt 0.250000 0.937500
vt 0.250000 0.093750
vt 0.250000 0.500000
vt 0.250000 0.906250
vt 0.250000 0.062500
vt 0.250000 0.468750
vt 0.250000 0.875000
vt 0.250000 0.031250
vt 0.250000 0.437500
vt 0.250000 0.843750
vt 0.257812 0.000000
vt 0.250000 0.406250
vt 0.250000 0.812500
vt 0.250000 0.375000
vt 0.250000 0.781250
vt 0.250000 0.343750
vt 0.234375 0.687500
vt 0.234375 0.656250
vt 0.234375 0.250000
vt 0.234375 0.218750
vt 0.234375 0.625000
vt 0.234375 0.187500
vt 0.234375 0.593750
vt 0.234375 0.156250
vt 0.234375 0.562500
vt 0.242187 1.000000
vt 0.234375 0.968750
vt 0.234375 0.125000
vt 0.234375 0.531250
vt 0.234375 0.937500
vt 0.234375 0.093750
vt 0.234375 0.500000
vt 0.234375 0.906250
vt 0.234375 0.062500
vt 0.234375 0.468750
vt 0.234375 0.875000
vt 0.234375 0.031250
vt 0.234375 0.437500
vt 0.234375 0.843750
vt 0.242187 0.000000
vt 0.234375 0.406250
vt 0.234375 0.812500
vt 0.234375 0.375000
vt 0.234375 0.781250
vt 0.234375 0.343750
vt 0.234375 0.750000
vt 0.234375 0.312500
vt 0.234375 0.718750
vt 0.234375 0.281250
vt 0.218750 0.625000
vt 0.218750 0.593750
vt 0.218750 0.187500
vt 0.218750 0.156250
vt 0.218750 0.562500
vt 0.226562 1.000000
vt 0.218750 0.968750
vt 0.218750 0.125000
vt 0.218750 0.531250
vt 0.218750 0.937500
vt 0.218750 0.093750
vt 0.218750 0.500000
vt 0.218750 0.906250
vt 0.218750 0.062500
vt 0.218750 0.468750
vt 0.218750 0.875000
vt 0.218750 0.031250
vt 0.218750 0.437500
vt 0.218750 0.843750
vt 0.226562 0.000000
vt 0.218750 0.406250
vt 0.218750 0.812500
vt 0.218750 0.375000
vt 0.218750 0.781250
vt 0.218750 0.343750
vt 0.218750 0.750000
vt 0.218750 0.312500
vt 0.218750 0.718750
vt 0.218750 0.281250
vt 0.218750 0.687500
vt 0.218750 0.250000
vt 0.218750 0.656250
vt 0.218750 0.218750
vt 0.203125 0.562500
vt 0.203125 0.531250
vt 0.203125 0.968750
vt 0.203125 0.937500
vt 0.203125 0.125000
vt 0.203125 0.093750
vt 0.203125 0.500000
vt 0.203125 0.906250
vt 0.203125 0.062500
vt 0.203125 0.468750
vt 0.203125 0.875000
vt 0.203125 0.031250
vt 0.203125 0.437500
vt 0.203125 0.843750
vt 0.210938 0.000000
vt 0.203125 0.406250
vt 0.203125 0.812500
vt 0.203125 0.375000
vt 0.203125 0.781250
vt 0.203125 0.343750
vt 0.203125 0.750000
vt 0.203125 0.312500
vt 0.203125 0.718750
vt 0.203125 0.281250
vt 0.203125 0.687500
vt 0.203125 0.250000
vt 0.203125 0.656250
vt 0.203125 0.218750
vt 0.203125 0.625000
vt 0.203125 0.187500
vt 0.203125 0.593750
vt 0.203125 0.156250
vt 0.210938 1.000000
vt 0.187500 0.500000
vt 0.187500 0.468750
vt 0.187500 0.906250
vt 0.187500 0.875000
vt 0.187500 0.062500
vt 0.187500 0.031250
vt 0.187500 0.437500
vt 0.187500 0.843750
vt 0.195312 0.000000
vt 0.187500 0.406250
vt 0.187500 0.812500
vt 0.187500 0.375000
vt 0.187500 0.781250
vt 0.187500 0.343750
vt 0.187500 0.750000
vt 0.187500 0.312500
vt 0.187500 0.718750
vt 0.187500 0.281250
vt 0.187500 0.687500
vt 0.187500 0.250000
vt 0.187500 0.656250
vt 0.187500 0.218750
vt 0.187500 0.625000
vt 0.187500 0.187500
vt 0.187500 0.593750
vt 0.187500 0.156250
vt 0.187500 0.562500
vt 0.195312 1.000000
vt 0.187500 0.968750
vt 0.187500 0.125000
vt 0.187500 0.531250
vt 0.187500 0.937500
vt 0.187500 0.093750
vt 0.171875 0.437500
vt 0.171875 0.406250
vt 0.171875 0.843750
vt 0.171875 0.812500
vt 0.171875 0.375000
vt 0.171875 0.781250
vt 0.171875 0.343750
vt 0.171875 0.750000
vt 0.171875 0.312500
vt 0.171875 0.718750
vt 0.171875 0.281250
vt 0.171875 0.687500
vt 0.171875 0.250000
vt 0.171875 0.656250
vt 0.171875 0.218750
vt 0.171875 0.625000
vt 0.171875 0.187500
vt 0.171875 0.593750
vt 0.171875 0.156250
vt 0.171875 0.562500
vt 0.179687 1.000000
vt 0.171875 0.968750
vt 0.171875 0.125000
vt 0.171875 0.531250
vt 0.171875 0.937500
vt 0.171875 0.093750
vt 0.171875 0.500000
vt 0.171875 0.906250
vt 0.171875 0.062500
vt 0.171875 0.468750
vt 0.171875 0.875000
vt 0.171875 0.031250
vt 0.179687 0.000000
vt 0.156250 0.375000
vt 0.156250 0.343750
vt 0.156250 0.781250
vt 0.156250 0.750000
vt 0.156250 0.312500
vt 0.156250 0.718750
vt 0.156250 0.281250
vt 0.156250 0.687500
vt 0.156250 0.250000
vt 0.156250 0.656250
vt 0.156250 0.218750
vt 0.156250 0.625000
vt 0.156250 0.187500
vt 0.156250 0.593750
vt 0.156250 0.156250
vt 0.156250 0.562500
vt 0.164062 1.000000
vt 0.156250 0.968750
vt 0.156250 0.125000
vt 0.156250 0.531250
vt 0.156250 0.937500
vt 0.156250 0.093750
vt 0.156250 0.500000
vt 0.156250 0.906250
vt 0.156250 0.062500
vt 0.156250 0.468750
vt 0.156250 0.875000
vt 0.156250 0.031250
vt 0.156250 0.437500
vt 0.156250 0.843750
vt 0.164062 0.000000
vt 0.156250 0.406250
vt 0.156250 0.812500
vt 0.140625 0.312500
vt 0.140625 0.281250
vt 0.140625 0.718750
vt 0.140625 0.687500
vt 0.140625 0.250000
vt 0.140625 0.656250
vt 0.140625 0.218750
vt 0.140625 0.625000
vt 0.140625 0.187500
vt 0.140625 0.593750
vt 0.140625 0.156250
vt 0.140625 0.562500
vt 0.148438 1.000000
vt 0.140625 0.968750
vt 0.140625 0.125000
vt 0.140625 0.531250
vt 0.140625 0.937500
vt 0.140625 0.093750
vt 0.140625 0.500000
vt 0.140625 0.906250
vt 0.140625 0.062500
vt 0.140625 0.468750
vt 0.140625 0.875000
vt 0.140625 0.031250
vt 0.140625 0.437500
vt 0.140625 0.843750
vt 0.148438 0.000000
vt 0.140625 0.406250
vt 0.140625 0.812500
vt 0.140625 0.375000
vt 0.140625 0.781250
vt 0.140625 0.343750
vt 0.140625 0.750000
vt 0.125000 0.250000
vt 0.125000 0.218750
vt 0.125000 0.656250
vt 0.125000 0.625000
vt 0.125000 0.187500
vt 0.125000 0.593750
vt 0.125000 0.156250
vt 0.125000 0.562500
vt 0.132812 1.000000
vt 0.125000 0.968750
vt 0.125000 0.125000
vt 0.125000 0.531250
vt 0.125000 0.937500
vt 0.125000 0.093750
vt 0.125000 0.500000
vt 0.125000 0.906250
vt 0.125000 0.062500
vt 0.125000 0.468750
vt 0.125000 0.875000
vt 0.125000 0.031250
vt 0.125000 0.437500
vt 0.125000 0.843750
vt 0.132812 0.000000
vt 0.125000 0.406250
vt 0.125000 0.812500
vt 0.125000 0.375000
vt 0.125000 0.781250
vt 0.125000 0.343750
vt 0.125000 0.750000
vt 0.125000 0.312500
vt 0.125000 0.718750
vt 0.125000 0.281250
vt 0.125000 0.687500
vt 0.109375 0.187500
vt 0.109375 0.156250
vt 0.109375 0.593750
vt 0.109375 0.562500
vt 0.117188 1.000000
vt 0.109375 0.968750
vt 0.109375 0.125000
vt 0.109375 0.531250
vt 0.109375 0.937500
vt 0.109375 0.093750
vt 0.109375 0.500000
vt 0.109375 0.906250
vt 0.109375 0.062500
vt 0.109375 0.468750
vt 0.109375 0.875000
vt 0.109375 0.031250
vt 0.109375 0.437500
vt 0.109375 0.843750
vt 0.117188 0.000000
vt 0.109375 0.406250
vt 0.109375 0.812500
vt 0.109375 0.375000
vt 0.109375 0.781250
vt 0.109375 0.343750
vt 0.109375 0.750000
vt 0.109375 0.312500
vt 0.109375 0.718750
vt 0.109375 0.281250
vt 0.109375 0.687500
vt 0.109375 0.250000
vt 0.109375 0.656250
vt 0.109375 0.218750
vt 0.109375 0.625000
vt 0.093750 0.968750
vt 0.093750 0.937500
vt 0.093750 0.125000
vt 0.093750 0.093750
vt 0.093750 0.531250
vt 0.093750 0.500000
vt 0.093750 0.906250
vt 0.093750 0.062500
vt 0.093750 0.468750
vt 0.093750 0.875000
vt 0.093750 0.031250
vt 0.093750 0.437500
vt 0.093750 0.843750
vt 0.101562 0.000000
vt 0.093750 0.406250
vt 0.093750 0.812500
vt 0.093750 0.375000
vt 0.093750 0.781250
vt 0.093750 0.343750
vt 0.093750 0.750000
vt 0.093750 0.312500
vt 0.093750 0.718750
vt 0.093750 0.281250
vt 0.093750 0.687500
vt 0.093750 0.250000
vt 0.093750 0.656250
vt 0.093750 0.218750
vt 0.093750 0.625000
vt 0.093750 0.187500
vt 0.093750 0.593750
vt 0.093750 0.156250
vt 0.093750 0.562500
vt 0.101562 1.000000
vt 0.078125 0.906250
vt 0.078125 0.875000
vt 0.078125 0.062500
vt 0.078125 0.031250
vt 0.078125 0.468750
vt 0.078125 0.437500
vt 0.078125 0.843750
vt 0.085937 0.000000
vt 0.078125 0.406250
vt 0.078125 0.812500
vt 0.078125 0.375000
vt 0.078125 0.781250
vt 0.078125 0.343750
vt 0.078125 0.750000
vt 0.078125 0.312500
vt 0.078125 0.718750
vt 0.078125 0.281250
vt 0.078125 0.687500
vt 0.078125 0.250000
vt 0.078125 0.656250
vt 0.078125 0.218750
vt 0.078125 0.625000
vt 0.078125 0.187500
vt 0.078125 0.593750
vt 0.078125 0.156250
vt 0.078125 0.562500
vt 0.085937 1.000000
vt 0.078125 0.968750
vt 0.078125 0.125000
vt 0.078125 0.531250
vt 0.078125 0.937500
vt 0.078125 0.093750
vt 0.078125 0.500000
vt 0.062500 0.843750
vt 0.062500 0.812500
vt 0.062500 0.406250
vt 0.062500 0.375000
vt 0.062500 0.781250
vt 0.062500 0.343750
vt 0.062500 0.750000
vt 0.062500 0.312500
vt 0.062500 0.718750
vt 0.062500 0.281250
vt 0.062500 0.687500
vt 0.062500 0.250000
vt 0.062500 0.656250
vt 0.062500 0.218750
vt 0.062500 0.625000
vt 0.062500 0.187500
vt 0.062500 0.593750
vt 0.062500 0.156250
vt 0.062500 0.562500
vt 0.070312 1.000000
vt 0.062500 0.968750
vt 0.062500 0.125000
vt 0.062500 0.531250
vt 0.062500 0.937500
vt 0.062500 0.093750
vt 0.062500 0.500000
vt 0.062500 0.906250
vt 0.062500 0.062500
vt 0.062500 0.468750
vt 0.062500 0.875000
vt 0.062500 0.031250
vt 0.062500 0.437500
vt 0.070312 0.000000
vt 0.046875 0.781250
vt 0.046875 0.750000
vt 0.046875 0.343750
vt 0.046875 0.312500
vt 0.046875 0.718750
vt 0.046875 0.281250
vt 0.046875 0.687500
vt 0.046875 0.250000
vt 0.046875 0.656250
vt 0.046875 0.218750
vt 0.046875 0.625000
vt 0.046875 0.187500
vt 0.046875 0.593750
vt 0.046875 0.156250
vt 0.046875 0.562500
vt 0.054688 1.000000
vt 0.046875 0.968750
vt 0.046875 0.125000
vt 0.046875 0.531250
vt 0.046875 0.937500
vt 0.046875 0.093750
vt 0.046875 0.500000
vt 0.046875 0.906250
vt 0.046875 0.062500
vt 0.046875 0.468750
vt 0.046875 0.875000
vt 0.046875 0.031250
vt 0.046875 0.437500
vt 0.046875 0.843750
vt 0.054688 0.000000
vt 0.046875 0.406250
vt 0.046875 0.812500
vt 0.046875 0.375000
vt 0.031250 0.718750
vt 0.031250 0.687500
vt 0.031250 0.281250
vt 0.031250 0.250000
vt 0.031250 0.656250
vt 0.031250 0.218750
vt 0.031250 0.625000
vt 0.031250 0.187500
vt 0.031250 0.593750
vt 0.031250 0.156250
vt 0.031250 0.562500
vt 0.039062 1.000000
vt 0.031250 0.968750
vt 0.031250 0.125000
vt 0.031250 0.531250
vt 0.031250 0.937500
vt 0.031250 0.093750
vt 0.031250 0.500000
vt 0.031250 0.906250
vt 0.031250 0.062500
vt 0.031250 0.468750
vt 0.031250 0.875000
vt 0.031250 0.031250
vt 0.031250 0.437500
vt 0.031250 0.843750
vt 0.039062 0.000000
vt 0.031250 0.406250
vt 0.031250 0.812500
vt 0.031250 0.375000
vt 0.031250 0.781250
vt 0.031250 0.343750
vt 0.031250 0.750000
vt 0.031250 0.312500
vt 0.015625 0.656250
vt 0.015625 0.625000
vt 0.015625 0.218750
vt 0.015625 0.187500
vt 0.015625 0.593750
vt 0.015625 0.156250
vt 0.015625 0.562500
vt 0.023438 1.000000
vt 0.015625 0.968750
vt 0.015625 0.125000
vt 0.015625 0.531250
vt 0.015625 0.937500
vt 0.015625 0.093750
vt 0.015625 0.500000
vt 0.015625 0.906250
vt 0.015625 0.062500
vt 0.015625 0.468750
vt 0.015625 0.875000
vt 0.015625 0.031250
vt 0.015625 0.437500
vt 0.015625 0.843750
vt 0.023438 0.000000
vt 0.015625 0.406250
vt 0.015625 0.812500
vt 0.015625 0.375000
vt 0.015625 0.781250
vt 0.015625 0.343750
vt 0.015625 0.750000
vt 0.015625 0.312500
vt 0.015625 0.718750
vt 0.015625 0.281250
vt 0.015625 0.687500
vt 0.015625 0.250000
vt 0.000000 0.593750
vt 0.000000 0.562500
vt 0.007812 1.000000
vt 0.000000 0.968750
vt 0.000000 0.156250
vt 0.000000 0.125000
vt 0.000000 0.531250
vt 0.000000 0.937500
vt 0.000000 0.093750
vt 0.000000 0.500000
vt 0.000000 0.906250
vt 0.000000 0.062500
vt 0.000000 0.468750
vt 0.000000 0.875000
vt 0.000000 0.031250
vt 0.000000 0.437500
vt 0.000000 0.843750
vt 0.007812 0.000000
vt 0.000000 0.406250
vt 0.000000 0.812500
vt 0.000000 0.375000
vt 0.000000 0.781250
vt 0.000000 0.343750
vt 0.000000 0.750000
vt 0.000000 0.312500
vt 0.000000 0.718750
vt 0.000000 0.281250
vt 0.000000 0.687500
vt 0.000000 0.250000
vt 0.000000 0.656250
vt 0.000000 0.218750
vt 0.000000 0.625000
vt 0.000000 0.187500
vt 1.000000 0.500000
vt 1.000000 0.531250
vt 0.984375 0.531250
vt 0.984375 0.500000
vt 1.000000 0.906250
vt 1.000000 0.937500
vt 0.984375 0.937500
vt 0.984375 0.906250
vt 1.000000 0.062500
vt 1.000000 0.093750
vt 0.984375 0.093750
vt 0.984375 0.062500
vt 1.000000 0.468750
vt 0.984375 0.468750
vt 1.000000 0.875000
vt 0.984375 0.875000
vt 1.000000 0.031250
vt 0.984375 0.031250
vt 1.000000 0.437500
vt 0.984375 0.437500
vt 1.000000 0.843750
vt 0.984375 0.843750
vt 0.992188 0.000000
vt 1.000000 0.406250
vt 0.984375 0.406250
vt 1.000000 0.812500
vt 0.984375 0.812500
vt 1.000000 0.375000
vt 0.984375 0.375000
vt 1.000000 0.781250
vt 0.984375 0.781250
vt 1.000000 0.343750
vt 0.984375 0.343750
vt 1.000000 0.750000
vt 0.984375 0.750000
vt 1.000000 0.312500
vt 0.984375 0.312500
vt 1.000000 0.718750
vt 0.984375 0.718750
vt 1.000000 0.281250
vt 0.984375 0.281250
vt 1.000000 0.687500
vt 0.984375 0.687500
vt 1.000000 0.250000
vt 0.984375 0.250000
vt 1.000000 0.656250
vt 0.984375 0.656250
vt 1.000000 0.218750
vt 0.984375 0.218750
vt 1.000000 0.625000
vt 0.984375 0.625000
vt 1.000000 0.187500
vt 0.984375 0.187500
vt 1.000000 0.593750
vt 0.984375 0.593750
vt 1.000000 0.156250
vt 0.984375 0.156250
vt 1.000000 0.562500
vt 0.984375 0.562500
vt 1.000000 0.968750
vt 0.992188 1.000000
vt 0.984375 0.968750
vt 1.000000 0.125000
vt 0.984375 0.125000
vt 0.968750 0.468750
vt 0.968750 0.437500
vt 0.968750 0.875000
vt 0.968750 0.843750
vt 0.976562 0.000000
vt 0.968750 0.031250
vt 0.968750 0.406250
vt 0.968750 0.812500
vt 0.968750 0.375000
vt 0.968750 0.781250
vt 0.968750 0.343750
vt 0.968750 0.750000
vt 0.968750 0.312500
vt 0.968750 0.718750
vt 0.968750 0.281250
vt 0.968750 0.687500
vt 0.968750 0.250000
vt 0.968750 0.656250
vt 0.968750 0.218750
vt 0.968750 0.625000
vt 0.968750 0.187500
vt 0.968750 0.593750
vt 0.968750 0.156250
vt 0.968750 0.562500
vt 0.976562 1.000000
vt 0.968750 0.968750
vt 0.968750 0.125000
vt 0.968750 0.531250
vt 0.968750 0.937500
vt 0.968750 0.093750
vt 0.968750 0.500000
vt 0.968750 0.906250
vt 0.968750 0.062500
vt 0.953125 0.406250
vt 0.953125 0.375000
vt 0.953125 0.812500
vt 0.953125 0.781250
vt 0.953125 0.343750
vt 0.953125 0.750000
vt 0.953125 0.312500
vt 0.953125 0.718750
vt 0.953125 0.281250
vt 0.953125 0.687500
vt 0.953125 0.250000
vt 0.953125 0.656250
vt 0.953125 0.218750
vt 0.953125 0.625000
vt 0.953125 0.187500
vt 0.953125 0.593750
vt 0.953125 0.156250
vt 0.953125 0.562500
vt 0.960938 1.000000
vt 0.953125 0.968750
vt 0.953125 0.125000
vt 0.953125 0.531250
vt 0.953125 0.937500
vt 0.953125 0.093750
vt 0.953125 0.500000
vt 0.953125 0.906250
vt 0.953125 0.062500
vt 0.953125 0.468750
vt 0.953125 0.875000
vt 0.953125 0.031250
vt 0.953125 0.437500
vt 0.953125 0.843750
vt 0.960938 0.000000
vt 0.937500 0.781250
vt 0.937500 0.750000
vt 0.937500 0.343750
vt 0.937500 0.312500
vt 0.937500 0.718750
vt 0.937500 0.281250
vt 0.937500 0.687500
vt 0.937500 0.250000
vt 0.937500 0.656250
vt 0.937500 0.218750
vt 0.937500 0.625000
vt 0.937500 0.187500
vt 0.937500 0.593750
vt 0.937500 0.156250
vt 0.937500 0.562500
vt 0.945312 1.000000
vt 0.937500 0.968750
vt 0.937500 0.125000
vt 0.937500 0.531250
vt 0.937500 0.937500
vt 0.937500 0.093750
vt 0.937500 0.500000
vt 0.937500 0.906250
vt 0.937500 0.062500
vt 0.937500 0.468750
vt 0.937500 0.875000
vt 0.937500 0.031250
vt 0.937500 0.437500
vt 0.937500 0.843750
vt 0.945312 0.000000
vt 0.937500 0.406250
vt 0.937500 0.812500
vt 0.937500 0.375000
vt 0.921875 0.718750
vt 0.921875 0.687500
vt 0.921875 0.281250
vt 0.921875 0.250000
vt 0.921875 0.656250
vt 0.921875 0.218750
vt 0.921875 0.625000
vt 0.921875 0.187500
vt 0.921875 0.593750
vt 0.921875 0.156250
vt 0.921875 0.562500
vt 0.929687 1.000000
vt 0.921875 0.968750
vt 0.921875 0.125000
vt 0.921875 0.531250
vt 0.921875 0.937500
vt 0.921875 0.093750
vt 0.921875 0.500000
vt 0.921875 0.906250
vt 0.921875 0.062500
vt 0.921875 0.468750
vt 0.921875 0.875000
vt 0.921875 0.031250
vt 0.921875 0.437500
vt 0.921875 0.843750
vt 0.929687 0.000000
vt 0.921875 0.406250
vt 0.921875 0.812500
vt 0.921875 0.375000
vt 0.921875 0.781250
vt 0.921875 0.343750
vt 0.921875 0.750000
vt 0.921875 0.312500
vt 0.906250 0.656250
vt 0.906250 0.625000
vt 0.906250 0.218750
vt 0.906250 0.187500
vt 0.906250 0.593750
vt 0.906250 0.156250
vt 0.906250 0.562500
vt 0.914062 1.000000
vt 0.906250 0.968750
vt 0.906250 0.125000
vt 0.906250 0.531250
vt 0.906250 0.937500
vt 0.906250 0.093750
vt 0.906250 0.500000
vt 0.906250 0.906250
vt 0.906250 0.062500
vt 0.906250 0.468750
vt 0.906250 0.875000
vt 0.906250 0.031250
vt 0.906250 0.437500
vt 0.906250 0.843750
vt 0.914062 0.000000
vt 0.906250 0.406250
vt 0.906250 0.812500
vt 0.906250 0.375000
vt 0.906250 0.781250
vt 0.906250 0.343750
vt 0.906250 0.750000
vt 0.906250 0.312500
vt 0.906250 0.718750
vt 0.906250 0.281250
vt 0.906250 0.687500
vt 0.906250 0.250000
vt 0.890625 0.593750
vt 0.890625 0.562500
vt 0.898438 1.000000
vt 0.890625 0.968750
vt 0.890625 0.156250
vt 0.890625 0.125000
vt 0.890625 0.531250
vt 0.890625 0.937500
vt 0.890625 0.093750
vt 0.890625 0.500000
vt 0.890625 0.906250
vt 0.890625 0.062500
vt 0.890625 0.468750
vt 0.890625 0.875000
vt 0.890625 0.031250
vt 0.890625 0.437500
vt 0.890625 0.843750
vt 0.898438 0.000000
vt 0.890625 0.406250
vt 0.890625 0.812500
vt 0.890625 0.375000
vt 0.890625 0.781250
vt 0.890625 0.343750
vt 0.890625 0.750000
vt 0.890625 0.312500
vt 0.890625 0.718750
vt 0.890625 0.281250
vt 0.890625 0.687500
vt 0.890625 0.250000
vt 0.890625 0.656250
vt 0.890625 0.218750
vt 0.890625 0.625000
vt 0.890625 0.187500
vt 0.875000 0.531250
vt 0.875000 0.500000
vt 0.875000 0.937500
vt 0.875000 0.906250
vt 0.875000 0.093750
vt 0.875000 0.062500
vt 0.875000 0.468750
vt 0.875000 0.875000
vt 0.875000 0.031250
vt 0.875000 0.437500
vt 0.875000 0.843750
vt 0.882812 0.000000
vt 0.875000 0.406250
vt 0.875000 0.812500
vt 0.875000 0.375000
vt 0.875000 0.781250
vt 0.875000 0.343750
vt 0.875000 0.750000
vt 0.875000 0.312500
vt 0.875000 0.718750
vt 0.875000 0.281250
vt 0.875000 0.687500
vt 0.875000 0.250000
vt 0.875000 0.656250
vt 0.875000 0.218750
vt 0.875000 0.625000
vt 0.875000 0.187500
vt 0.875000 0.593750
vt 0.875000 0.156250
vt 0.875000 0.562500
vt 0.882812 1.000000
vt 0.875000 0.968750
vt 0.875000 0.125000
vt 0.859375 0.468750
vt 0.859375 0.437500
vt 0.859375 0.875000
vt 0.859375 0.843750
vt 0.867188 0.000000
vt 0.859375 0.031250
vt 0.859375 0.406250
vt 0.859375 0.812500
vt 0.859375 0.375000
vt 0.859375 0.781250
vt 0.859375 0.343750
vt 0.859375 0.750000
vt 0.859375 0.312500
vt 0.859375 0.718750
vt 0.859375 0.281250
vt 0.859375 0.687500
vt 0.859375 0.250000
vt 0.859375 0.656250
vt 0.859375 0.218750
vt 0.859375 0.625000
vt 0.859375 0.187500
vt 0.859375 0.593750
vt 0.859375 0.156250
vt 0.859375 0.562500
vt 0.867188 1.000000
vt 0.859375 0.968750
vt 0.859375 0.125000
vt 0.859375 0.531250
vt 0.859375 0.937500
vt 0.859375 0.093750
vt 0.859375 0.500000
vt 0.859375 0.906250
vt 0.859375 0.062500
vt 0.843750 0.406250
vt 0.843750 0.375000
vt 0.843750 0.812500
vt 0.843750 0.781250
vt 0.843750 0.343750
vt 0.843750 0.750000
vt 0.843750 0.312500
vt 0.843750 0.718750
vt 0.843750 0.281250
vt 0.843750 0.687500
vt 0.843750 0.250000
vt 0.843750 0.656250
vt 0.843750 0.218750
vt 0.843750 0.625000
vt 0.843750 0.187500
vt 0.843750 0.593750
vt 0.843750 0.156250
vt 0.843750 0.562500
vt 0.851562 1.000000
vt 0.843750 0.968750
vt 0.843750 0.125000
vt 0.843750 0.531250
vt 0.843750 0.937500
vt 0.843750 0.093750
vt 0.843750 0.500000
vt 0.843750 0.906250
vt 0.843750 0.062500
vt 0.843750 0.468750
vt 0.843750 0.875000
vt 0.843750 0.031250
vt 0.843750 0.437500
vt 0.843750 0.843750
vt 0.851562 0.000000
vt 0.828125 0.343750
vt 0.828125 0.312500
vt 0.828125 0.750000
vt 0.828125 0.718750
vt 0.828125 0.281250
vt 0.828125 0.687500
vt 0.828125 0.250000
vt 0.828125 0.656250
vt 0.828125 0.218750
vt 0.828125 0.625000
vt 0.828125 0.187500
vt 0.828125 0.593750
vt 0.828125 0.156250
vt 0.828125 0.562500
vt 0.835938 1.000000
vt 0.828125 0.968750
vt 0.828125 0.125000
vt 0.828125 0.531250
vt 0.828125 0.937500
vt 0.828125 0.093750
vt 0.828125 0.500000
vt 0.828125 0.906250
vt 0.828125 0.062500
vt 0.828125 0.468750
vt 0.828125 0.875000
vt 0.828125 0.031250
vt 0.828125 0.437500
vt 0.828125 0.843750
vt 0.835938 0.000000
vt 0.828125 0.406250
vt 0.828125 0.812500
vt 0.828125 0.375000
vt 0.828125 0.781250
vt 0.812500 0.281250
vt 0.812500 0.250000
vt 0.812500 0.687500
vt 0.812500 0.656250
vt 0.812500 0.218750
vt 0.812500 0.625000
vt 0.812500 0.187500
vt 0.812500 0.593750
vt 0.812500 0.156250
vt 0.812500 0.562500
vt 0.820312 1.000000
vt 0.812500 0.968750
vt 0.812500 0.125000
vt 0.812500 0.531250
vt 0.812500 0.937500
vt 0.812500 0.093750
vt 0.812500 0.500000
vt 0.812500 0.906250
vt 0.812500 0.062500
vt 0.812500 0.468750
vt 0.812500 0.875000
vt 0.812500 0.031250
vt 0.812500 0.437500
vt 0.812500 0.843750
vt 0.820312 0.000000
vt 0.812500 0.406250
vt 0.812500 0.812500
vt 0.812500 0.375000
vt 0.812500 0.781250
vt 0.812500 0.343750
vt 0.812500 0.750000
vt 0.812500 0.312500
vt 0.812500 0.718750
vt 0.796875 0.218750
vt 0.796875 0.187500
vt 0.796875 0.625000
vt 0.796875 0.593750
vt 0.796875 0.156250
vt 0.796875 0.562500
vt 0.804688 1.000000
vt 0.796875 0.968750
vt 0.796875 0.125000
vt 0.796875 0.531250
vt 0.796875 0.937500
vt 0.796875 0.093750
vt 0.796875 0.500000
vt 0.796875 0.906250
vt 0.796875 0.062500
vt 0.796875 0.468750
vt 0.796875 0.875000
vt 0.796875 0.031250
vt 0.796875 0.437500
vt 0.796875 0.843750
vt 0.804688 0.000000
vt 0.796875 0.406250
vt 0.796875 0.812500
vt 0.796875 0.375000
vt 0.796875 0.781250
vt 0.796875 0.343750
vt 0.796875 0.750000
vt 0.796875 0.312500
vt 0.796875 0.718750
vt 0.796875 0.281250
vt 0.796875 0.687500
vt 0.796875 0.250000
vt 0.796875 0.656250
vt 0.781250 0.156250
vt 0.781250 0.125000
vt 0.781250 0.562500
vt 0.781250 0.531250
vt 0.781250 0.968750
vt 0.781250 0.937500
vt 0.781250 0.093750
vt 0.781250 0.500000
vt 0.781250 0.906250
vt 0.781250 0.062500
vt 0.781250 0.468750
vt 0.781250 0.875000
vt 0.781250 0.031250
vt 0.781250 0.437500
vt 0.781250 0.843750
vt 0.789062 0.000000
vt 0.781250 0.406250
vt 0.781250 0.812500
vt 0.781250 0.375000
vt 0.781250 0.781250
vt 0.781250 0.343750
vt 0.781250 0.750000
vt 0.781250 0.312500
vt 0.781250 0.718750
vt 0.781250 0.281250
vt 0.781250 0.687500
vt 0.781250 0.250000
vt 0.781250 0.656250
vt 0.781250 0.218750
vt 0.781250 0.625000
vt 0.781250 0.187500
vt 0.781250 0.593750
vt 0.789062 1.000000
vt 0.765625 0.093750
vt 0.765625 0.062500
vt 0.765625 0.500000
vt 0.765625 0.468750
vt 0.765625 0.906250
vt 0.765625 0.875000
vt 0.765625 0.031250
vt 0.765625 0.437500
vt 0.765625 0.843750
vt 0.773438 0.000000
vt 0.765625 0.406250
vt 0.765625 0.812500
vt 0.765625 0.375000
vt 0.765625 0.781250
vt 0.765625 0.343750
vt 0.765625 0.750000
vt 0.765625 0.312500
vt 0.765625 0.718750
vt 0.765625 0.281250
vt 0.765625 0.687500
vt 0.765625 0.250000
vt 0.765625 0.656250
vt 0.765625 0.218750
vt 0.765625 0.625000
vt 0.765625 0.187500
vt 0.765625 0.593750
vt 0.765625 0.156250
vt 0.765625 0.562500
vt 0.773438 1.000000
vt 0.765625 0.968750
vt 0.765625 0.125000
vt 0.765625 0.531250
vt 0.765625 0.937500
vt 0.757812 0.000000
vt 0.757812 1.000000
s 0
f 1977/1/1 7/2/1 28/3/1 29/4/1
f 1/5/2 1039/6/2 16/7/2
f 1985/8/3 1984/9/3 42/10/3 43/11/3
f 8/12/4 1977/1/4 29/4/4 30/13/4
f 2/14/5 1/5/5 16/7/5 17/15/5
f 14/16/6 1985/8/6 43/11/6 44/17/6
f 9/18/7 8/12/7 30/13/7 31/19/7
f 3/20/8 2/14/8 17/15/8 18/21/8
f 1986/22/9 14/16/9 44/17/9 45/23/9
f 10/24/10 9/18/10 31/19/10 32/25/10
f 1971/26/11 3/20/11 18/21/11 19/27/11
f 15/28/12 1986/22/12 45/23/12 46/29/12
f 1978/30/13 10/24/13 32/25/13 33/31/13
f 4/32/14 1971/26/14 19/27/14 20/33/14
f 1226/34/15 15/28/15 46/29/15
f 11/35/16 1978/30/16 33/31/16 34/36/16
f 1972/37/17 4/32/17 20/33/17 21/38/17
f 12/39/18 11/35/18 34/36/18 35/40/18
f 1973/41/19 1972/37/19 21/38/19 22/42/19
f 13/43/20 12/39/20 35/40/20 36/44/20
f 1974/45/21 1973/41/21 22/42/21 23/46/21
f 1979/47/22 13/43/22 36/44/22 37/48/22
f 1975/49/23 1974/45/23 23/46/23 24/50/23
f 1980/51/24 1979/47/24 37/48/24 38/52/24
f 1976/53/25 1975/49/25 24/50/25 25/54/25
f 1981/55/26 1980/51/26 38/52/26 39/56/26
f 5/57/27 1976/53/27 25/54/27 26/58/27
f 1982/59/28 1981/55/28 39/56/28 40/60/28
f 6/61/29 5/57/29 26/58/29 27/62/29
f 1983/63/30 1982/59/30 40/60/30 41/64/30
f 7/2/31 6/61/31 27/62/31 28/3/31
f 1984/9/32 1983/63/32 41/64/32 42/10/32
f 24/50/33 23/46/33 54/65/33 55/66/33
f 38/52/34 37/48/34 68/67/34 69/68/34
f 25/54/35 24/50/35 55/66/35 56/69/35
f 39/56/36 38/52/36 69/68/36 70/70/36
f 26/58/37 25/54/37 56/69/37 57/71/37
f 40/60/38 39/56/38 70/70/38 71/72/38
f 27/62/39 26/58/39 57/71/39 58/73/39
f 41/64/40 40/60/40 71/72/40 72/74/40
f 28/3/41 27/62/41 58/73/41 59/75/41
f 42/10/42 41/64/42 72/74/42 73/76/42
f 29/4/43 28/3/43 59/75/43 60/77/43
f 16/7/44 1039/78/44 47/79/44
f 43/11/45 42/10/45 73/76/45 74/80/45
f 30/13/46 29/4/46 60/77/46 61/81/46
f 17/15/47 16/7/47 47/79/47 48/82/47
f 44/17/48 43/11/48 74/80/48 75/83/48
f 31/19/49 30/13/49 61/81/49 62/84/49
f 18/21/50 17/15/50 48/82/50 49/85/50
f 45/23/51 44/17/51 75/83/51 76/86/51
f 32/25/52 31/19/52 62/84/52 63/87/52
f 19/27/53 18/21/53 49/85/53 50/88/53
f 46/29/54 45/23/54 76/86/54 77/89/54
f 33/31/55 32/25/55 63/87/55 64/90/55
f 20/33/56 19/27/56 50/88/56 51/91/56
f 1226/92/57 46/29/57 77/89/57
f 34/36/58 33/31/58 64/90/58 65/93/58
f 21/38/59 20/33/59 51/91/59 52/94/59
f 35/40/60 34/36/60 65/93/60 66/95/60
f 22/42/61 21/38/61 52/94/61 53/96/61
f 36/44/62 35/40/62 66/95/62 67/97/62
f 23/46/63 22/42/63 53/96/63 54/65/63
f 37/48/64 36/44/64 67/97/64 68/67/64
f 57/71/65 56/69/65 87/98/65 88/99/65
f 71/72/66 70/70/66 101/100/66 102/101/66
f 58/73/67 57/71/67 88/99/67 89/102/67
f 72/74/68 71/72/68 102/101/68 103/103/68
f 59/75/69 58/73/69 89/102/69 90/104/69
f 73/76/70 72/74/70 103/103/70 104/105/70
f 60/77/71 59/75/71 90/104/71 91/106/71
f 47/79/72 1039/107/72 78/108/72
f 74/80/73 73/76/73 104/105/73 105/109/73
f 61/81/74 60/77/74 91/106/74 92/110/74
f 48/82/75 47/79/75 78/108/75 79/111/75
f 75/83/76 74/80/76 105/109/76 106/112/76
f 62/84/77 61/81/77 92/110/77 93/113/77
f 49/85/78 48/82/78 79/111/78 80/114/78
f 76/86/79 75/83/79 106/112/79 107/115/79
f 63/87/80 62/84/80 93/113/80 94/116/80
f 50/88/81 49/85/81 80/114/81 81/117/81
f 77/89/82 76/86/82 107/115/82 108/118/82
f 64/90/83 63/87/83 94/116/83 95/119/83
f 51/91/84 50/88/84 81/117/84 82/120/84
f 1226/121/85 77/89/85 108/118/85
f 65/93/86 64/90/86 95/119/86 96/122/86
f 52/94/87 51/91/87 82/120/87 83/123/87
f 66/95/88 65/93/88 96/122/88 97/124/88
f 53/96/89 52/94/89 83/123/89 84/125/89
f 67/97/90 66/95/90 97/124/90 98/126/90
f 54/65/91 53/96/91 84/125/91 85/127/91
f 68/67/92 67/97/92 98/126/92 99/128/92
f 55/66/93 54/65/93 85/127/93 86/129/93
f 69/68/94 68/67/94 99/128/94 100/130/94
f 56/69/95 55/66/95 86/129/95 87/98/95
f 70/70/96 69/68/96 100/130/96 101/100/96
f 90/104/97 89/102/97 120/131/97 121/132/97
f 104/105/98 103/103/98 134/133/98 135/134/98
f 91/106/99 90/104/99 121/132/99 122/135/99
f 78/108/100 1039/136/100 109/137/100
f 105/109/101 104/105/101 135/134/101 136/138/101
f 92/110/102 91/106/102 122/135/102 123/139/102
f 79/111/103 78/108/103 109/137/103 110/140/103
f 106/112/104 105/109/104 136/138/104 137/141/104
f 93/113/105 92/110/105 123/139/105 124/142/105
f 80/114/106 79/111/106 110/140/106 111/143/106
f 107/115/107 106/112/107 137/141/107 138/144/107
f 94/116/108 93/113/108 124/142/108 125/145/108
f 81/117/109 80/114/109 111/143/109 112/146/109
f 108/118/110 107/115/110 138/144/110 139/147/110
f 95/119/111 94/116/111 125/145/111 126/148/111
f 82/120/112 81/117/112 112/146/112 113/149/112
f 1226/150/113 108/118/113 139/147/113
f 96/122/114 95/119/114 126/148/114 127/151/114
f 83/123/115 82/120/115 113/149/115 114/152/115
f 97/124/116 96/122/116 127/151/116 128/153/116
f 84/125/117 83/123/117 114/152/117 115/154/117
f 98/126/118 97/124/118 128/153/118 129/155/118
f 85/127/119 84/125/119 115/154/119 116/156/119
f 99/128/120 98/126/120 129/155/120 130/157/120
f 86/129/121 85/127/121 116/156/121 117/158/121
f 100/130/122 99/128/122 130/157/122 131/159/122
f 87/98/123 86/129/123 117/158/123 118/160/123
f 101/100/124 100/130/124 131/159/124 132/161/124
f 88/99/125 87/98/125 118/160/125 119/162/125
f 102/101/126 101/100/126 132/161/126 133/163/126
f 89/102/127 88/99/127 119/162/127 120/131/127
f 103/103/128 102/101/128 133/163/128 134/133/128
f 123/139/129 122/135/129 153/164/129 154/165/129
f 110/140/130 109/137/130 140/166/130 141/167/130
f 137/141/131 136/138/131 167/168/131 168/169/131
f 124/142/132 123/139/132 154/165/132 155/170/132
f 111/143/133 110/140/133 141/167/133 142/171/133
f 138/144/134 137/141/134 168/169/134 169/172/134
f 125/145/135 124/142/135 155/170/135 156/173/135
f 112/146/136 111/143/136 142/171/136 143/174/136
f 139/147/137 138/144/137 169/172/137 170/175/137
f 126/148/138 125/145/138 156/173/138 157/176/138
f 113/149/139 112/146/139 143/174/139 144/177/139
f 1226/178/140 139/147/140 170/175/140
f 127/151/141 126/148/141 157/176/141 158/179/141
f 114/152/142 113/149/142 144/177/142 145/180/142
f 128/153/143 127/151/143 158/179/143 159/181/143
f 115/154/144 114/152/144 145/180/144 146/182/144
f 129/155/145 128/153/145 159/181/145 160/183/145
f 116/156/146 115/154/146 146/182/146 147/184/146
f 130/157/147 129/155/147 160/183/147 161/185/147
f 117/158/148 116/156/148 147/184/148 148/186/148
f 131/159/149 130/157/149 161/185/149 162/187/149
f 118/160/150 117/158/150 148/186/150 149/188/150
f 132/161/151 131/159/151 162/187/151 163/189/151
f 119/162/152 118/160/152 149/188/152 150/190/152
f 133/163/153 132/161/153 163/189/153 164/191/153
f 120/131/154 119/162/154 150/190/154 151/192/154
f 134/133/155 133/163/155 164/191/155 165/193/155
f 121/132/156 120/131/156 151/192/156 152/194/156
f 135/134/157 134/133/157 165/193/157 166/195/157
f 122/135/158 121/132/158 152/194/158 153/164/158
f 109/137/159 1039/196/159 140/166/159
f 136/138/160 135/134/160 166/195/160 167/168/160
f 156/173/161 155/170/161 186/197/161 187/198/161
f 143/174/162 142/171/162 173/199/162 174/200/162
f 170/175/163 169/172/163 200/201/163 201/202/163
f 157/176/164 156/173/164 187/198/164 188/203/164
f 144/177/165 143/174/165 174/200/165 175/204/165
f 1226/205/166 170/175/166 201/202/166
f 158/179/167 157/176/167 188/203/167 189/206/167
f 145/180/168 144/177/168 175/204/168 176/207/168
f 159/181/169 158/179/169 189/206/169 190/208/169
f 146/182/170 145/180/170 176/207/170 177/209/170
f 160/183/171 159/181/171 190/208/171 191/210/171
f 147/184/172 146/182/172 177/209/172 178/211/172
f 161/185/173 160/183/173 191/210/173 192/212/173
f 148/186/174 147/184/174 178/211/174 179/213/174
f 162/187/175 161/185/175 192/212/175 193/214/175
f 149/188/176 148/186/176 179/213/176 180/215/176
f 163/189/177 162/187/177 193/214/177 194/216/177
f 150/190/178 149/188/178 180/215/178 181/217/178
f 164/191/179 163/189/179 194/216/179 195/218/179
f 151/192/180 150/190/180 181/217/180 182/219/180
f 165/193/181 164/191/181 195/218/181 196/220/181
f 152/194/182 151/192/182 182/219/182 183/221/182
f 166/195/183 165/193/183 196/220/183 197/222/183
f 153/164/184 152/194/184 183/221/184 184/223/184
f 140/166/185 1039/224/185 171/225/185
f 167/168/186 166/195/186 197/222/186 198/226/186
f 154/165/187 153/164/187 184/223/187 185/227/187
f 141/167/188 140/166/188 171/225/188 172/228/188
f 168/169/189 167/168/189 198/226/189 199/229/189
f 155/170/190 154/165/190 185/227/190 186/197/190
f 142/171/191 141/167/191 172/228/191 173/199/191
f 169/172/192 168/169/192 199/229/192 200/201/192
f 189/206/193 188/203/193 219/230/193 220/231/193
f 176/207/194 175/204/194 206/232/194 207/233/194
f 190/208/195 189/206/195 220/231/195 221/234/195
f 177/209/196 176/207/196 207/233/196 208/235/196
f 191/210/197 190/208/197 221/234/197 222/236/197
f 178/211/198 177/209/198 208/235/198 209/237/198
f 192/212/199 191/210/199 222/236/199 223/238/199
f 179/213/200 178/211/200 209/237/200 210/239/200
f 193/214/201 192/212/201 223/238/201 224/240/201
f 180/215/202 179/213/202 210/239/202 211/241/202
f 194/216/203 193/214/203 224/240/203 225/242/203
f 181/217/204 180/215/204 211/241/204 212/243/204
f 195/218/205 194/216/205 225/242/205 226/244/205
f 182/219/206 181/217/206 212/243/206 213/245/206
f 196/220/207 195/218/207 226/244/207 227/246/207
f 183/221/208 182/219/208 213/245/208 214/247/208
f 197/222/209 196/220/209 227/246/209 228/248/209
f 184/223/210 183/221/210 214/247/210 215/249/210
f 171/225/211 1039/250/211 202/251/211
f 198/226/212 197/222/212 228/248/212 229/252/212
f 185/227/213 184/223/213 215/249/213 216/253/213
f 172/228/214 171/225/214 202/251/214 203/254/214
f 199/229/215 198/226/215 229/252/215 230/255/215
f 186/197/216 185/227/216 216/253/216 217/256/216
f 173/199/217 172/228/217 203/254/217 204/257/217
f 200/201/218 199/229/218 230/255/218 231/258/218
f 187/198/219 186/197/219 217/256/219 218/259/219
f 174/200/220 173/199/220 204/257/220 205/260/220
f 201/202/221 200/201/221 231/258/221 232/261/221
f 188/203/222 187/198/222 218/259/222 219/230/222
f 175/204/223 174/200/223 205/260/223 206/232/223
f 1226/262/224 201/202/224 232/261/224
f 222/236/225 221/234/225 252/263/225 253/264/225
f 209/237/226 208/235/226 239/265/226 240/266/226
f 223/238/227 222/236/227 253/264/227 254/267/227
f 210/239/228 209/237/228 240/266/228 241/268/228
f 224/240/229 223/238/229 254/267/229 255/269/229
f 211/241/230 210/239/230 241/268/230 242/270/230
f 225/242/231 224/240/231 255/269/231 256/271/231
f 212/243/232 211/241/232 242/270/232 243/272/232
f 226/244/233 225/242/233 256/271/233 257/273/233
f 213/245/234 212/243/234 243/272/234 244/274/234
f 227/246/235 226/244/235 257/273/235 258/275/235
f 214/247/236 213/245/236 244/274/236 245/276/236
f 228/248/237 227/246/237 258/275/237 259/277/237
f 215/249/238 214/247/238 245/276/238 246/278/238
f 202/251/239 1039/279/239 233/280/239
f 229/252/240 228/248/240 259/277/240 260/281/240
f 216/253/241 215/249/241 246/278/241 247/282/241
f 203/254/242 202/251/242 233/280/242 234/283/242
f 230/255/243 229/252/243 260/281/243 261/284/243
f 217/256/244 216/253/244 247/282/244 248/285/244
f 204/257/245 203/254/245 234/283/245 235/286/245
f 231/258/246 230/255/246 261/284/246 262/287/246
f 218/259/247 217/256/247 248/285/247 249/288/247
f 205/260/248 204/257/248 235/286/248 236/289/248
f 232/261/249 231/258/249 262/287/249 263/290/249
f 219/230/250 218/259/250 249/288/250 250/291/250
f 206/232/251 205/260/251 236/289/251 237/292/251
f 1226/293/252 232/261/252 263/290/252
f 220/231/253 219/230/253 250/291/253 251/294/253
f 207/233/254 206/232/254 237/292/254 238/295/254
f 221/234/255 220/231/255 251/294/255 252/263/255
f 208/235/256 207/233/256 238/295/256 239/265/256
f 255/269/257 254/267/257 285/296/257 286/297/257
f 242/270/258 241/268/258 272/298/258 273/299/258
f 256/271/259 255/269/259 286/297/259 287/300/259
f 243/272/260 242/270/260 273/299/260 274/301/260
f 257/273/261 256/271/261 287/300/261 288/302/261
f 244/274/262 243/272/262 274/301/262 275/303/262
f 258/275/263 257/273/263 288/302/263 289/304/263
f 245/276/264 244/274/264 275/303/264 276/305/264
f 259/277/265 258/275/265 289/304/265 290/306/265
f 246/278/266 245/276/266 276/305/266 277/307/266
f 233/280/267 1039/308/267 264/309/267
f 260/281/268 259/277/268 290/306/268 291/310/268
f 247/282/269 246/278/269 277/307/269 278/311/269
f 234/283/270 233/280/270 264/309/270 265/312/270
f 261/284/271 260/281/271 291/310/271 292/313/271
f 248/285/272 247/282/272 278/311/272 279/314/272
f 235/286/273 234/283/273 265/312/273 266/315/273
f 262/287/274 261/284/274 292/313/274 293/316/274
f 249/288/275 248/285/275 279/314/275 280/317/275
f 236/289/276 235/286/276 266/315/276 267/318/276
f 263/290/277 262/287/277 293/316/277 294/319/277
f 250/291/278 249/288/278 280/317/278 281/320/278
f 237/292/279 236/289/279 267/318/279 268/321/279
f 1226/322/280 263/290/280 294/319/280
f 251/294/281 250/291/281 281/320/281 282/323/281
f 238/295/282 237/292/282 268/321/282 269/324/282
f 252/263/283 251/294/283 282/323/283 283/325/283
f 239/265/284 238/295/284 269/324/284 270/326/284
f 253/264/285 252/263/285 283/325/285 284/327/285
f 240/266/286 239/265/286 270/326/286 271/328/286
f 254/267/287 253/264/287 284/327/287 285/296/287
f 241/268/288 240/266/288 271/328/288 272/298/288
f 288/302/289 287/300/289 318/329/289 319/330/289
f 275/303/290 274/301/290 305/331/290 306/332/290
f 289/304/291 288/302/291 319/330/291 320/333/291
f 276/305/292 275/303/292 306/332/292 307/334/292
f 290/306/293 289/304/293 320/333/293 321/335/293
f 277/307/294 276/305/294 307/334/294 308/336/294
f 264/309/295 1039/337/295 295/338/295
f 291/310/296 290/306/296 321/335/296 322/339/296
f 278/311/297 277/307/297 308/336/297 309/340/297
f 265/312/298 264/309/298 295/338/298 296/341/298
f 292/313/299 291/310/299 322/339/299 323/342/299
f 279/314/300 278/311/300 309/340/300 310/343/300
f 266/315/301 265/312/301 296/341/301 297/344/301
f 293/316/302 292/313/302 323/342/302 324/345/302
f 280/317/303 279/314/303 310/343/303 311/346/303
f 267/318/304 266/315/304 297/344/304 298/347/304
f 294/319/305 293/316/305 324/345/305 325/348/305
f 281/320/306 280/317/306 311/346/306 312/349/306
f 268/321/307 267/318/307 298/347/307 299/350/307
f 1226/351/308 294/319/308 325/348/308
f 282/323/309 281/320/309 312/349/309 313/352/309
f 269/324/310 268/321/310 299/350/310 300/353/310
f 283/325/311 282/323/311 313/352/311 314/354/311
f 270/326/312 269/324/312 300/353/312 301/355/312
f 284/327/313 283/325/313 314/354/313 315/356/313
f 271/328/314 270/326/314 301/355/314 302/357/314
f 285/296/315 284/327/315 315/356/315 316/358/315
f 272/298/316 271/328/316 302/357/316 303/359/316
f 286/297/317 285/296/317 316/358/317 317/360/317
f 273/299/318 272/298/318 303/359/318 304/361/318
f 287/300/319 286/297/319 317/360/319 318/329/319
f 274/301/320 273/299/320 304/361/320 305/331/320
f 321/335/321 320/333/321 351/362/321 352/363/321
f 308/336/322 307/334/322 338/364/322 339/365/322
f 295/338/323 1039/366/323 326/367/323
f 322/339/324 321/335/324 352/363/324 353/368/324
f 309/340/325 308/336/325 339/365/325 340/369/325
f 296/341/326 295/338/326 326/367/326 327/370/326
f 323/342/327 322/339/327 353/368/327 354/371/327
f 310/343/328 309/340/328 340/369/328 341/372/328
f 297/344/329 296/341/329 327/370/329 328/373/329
f 324/345/330 323/342/330 354/371/330 355/374/330
f 311/346/331 310/343/331 341/372/331 342/375/331
f 298/347/332 297/344/332 328/373/332 329/376/332
f 325/348/333 324/345/333 355/374/333 356/377/333
f 312/349/334 311/346/334 342/375/334 343/378/334
f 299/350/335 298/347/335 329/376/335 330/379/335
f 1226/380/336 325/348/336 356/377/336
f 313/352/337 312/349/337 343/378/337 344/381/337
f 300/353/338 299/350/338 330/379/338 331/382/338
f 314/354/339 313/352/339 344/381/339 345/383/339
f 301/355/340 300/353/340 331/382/340 332/384/340
f 315/356/341 314/354/341 345/383/341 346/385/341
f 302/357/342 301/355/342 332/384/342 333/386/342
f 316/358/343 315/356/343 346/385/343 347/387/343
f 303/359/344 302/357/344 333/386/344 334/388/344
f 317/360/345 316/358/345 347/387/345 348/389/345
f 304/361/346 303/359/346 334/388/346 335/390/346
f 318/329/347 317/360/347 348/389/347 349/391/347
f 305/331/348 304/361/348 335/390/348 336/392/348
f 319/330/349 318/329/349 349/391/349 350/393/349
f 306/332/350 305/331/350 336/392/350 337/394/350
f 320/333/351 319/330/351 350/393/351 351/362/351
f 307/334/352 306/332/352 337/394/352 338/364/352
f 327/370/353 326/367/353 357/395/353 358/396/353
f 354/371/354 353/368/354 384/397/354 385/398/354
f 341/372/355 340/369/355 371/399/355 372/400/355
f 328/373/356 327/370/356 358/396/356 359/401/356
f 355/374/357 354/371/357 385/398/357 386/402/357
f 342/375/358 341/372/358 372/400/358 373/403/358
f 329/376/359 328/373/359 359/401/359 360/404/359
f 356/377/360 355/374/360 386/402/360 387/405/360
f 343/378/361 342/375/361 373/403/361 374/406/361
f 330/379/362 329/376/362 360/404/362 361/407/362
f 1226/408/363 356/377/363 387/405/363
f 344/381/364 343/378/364 374/406/364 375/409/364
f 331/382/365 330/379/365 361/407/365 362/410/365
f 345/383/366 344/381/366 375/409/366 376/411/366
f 332/384/367 331/382/367 362/410/367 363/412/367
f 346/385/368 345/383/368 376/411/368 377/413/368
f 333/386/369 332/384/369 363/412/369 364/414/369
f 347/387/370 346/385/370 377/413/370 378/415/370
f 334/388/371 333/386/371 364/414/371 365/416/371
f 348/389/372 347/387/372 378/415/372 379/417/372
f 335/390/373 334/388/373 365/416/373 366/418/373
f 349/391/374 348/389/374 379/417/374 380/419/374
f 336/392/375 335/390/375 366/418/375 367/420/375
f 350/393/376 349/391/376 380/419/376 381/421/376
f 337/394/377 336/392/377 367/420/377 368/422/377
f 351/362/378 350/393/378 381/421/378 382/423/378
f 338/364/379 337/394/379 368/422/379 369/424/379
f 352/363/380 351/362/380 382/423/380 383/425/380
f 339/365/381 338/364/381 369/424/381 370/426/381
f 326/367/382 1039/427/382 357/395/382
f 353/368/383 352/363/383 383/425/383 384/397/383
f 340/369/384 339/365/384 370/426/384 371/399/384
f 360/404/385 359/401/385 390/428/385 391/429/385
f 387/405/386 386/402/386 417/430/386 418/431/386
f 374/406/387 373/403/387 404/432/387 405/433/387
f 361/407/388 360/404/388 391/429/388 392/434/388
f 1226/435/389 387/405/389 418/431/389
f 375/409/390 374/406/390 405/433/390 406/436/390
f 362/410/391 361/407/391 392/434/391 393/437/391
f 376/411/392 375/409/392 406/436/392 407/438/392
f 363/412/393 362/410/393 393/437/393 394/439/393
f 377/413/394 376/411/394 407/438/394 408/440/394
f 364/414/395 363/412/395 394/439/395 395/441/395
f 378/415/396 377/413/396 408/440/396 409/442/396
f 365/416/397 364/414/397 395/441/397 396/443/397
f 379/417/398 378/415/398 409/442/398 410/444/398
f 366/418/399 365/416/399 396/443/399 397/445/399
f 380/419/400 379/417/400 410/444/400 411/446/400
f 367/420/401 366/418/401 397/445/401 398/447/401
f 381/421/402 380/419/402 411/446/402 412/448/402
f 368/422/403 367/420/403 398/447/403 399/449/403
f 382/423/404 381/421/404 412/448/404 413/450/404
f 369/424/405 368/422/405 399/449/405 400/451/405
f 383/425/406 382/423/406 413/450/406 414/452/406
f 370/426/407 369/424/407 400/451/407 401/453/407
f 357/395/408 1039/454/408 388/455/408
f 384/397/409 383/425/409 414/452/409 415/456/409
f 371/399/410 370/426/410 401/453/410 402/457/410
f 358/396/411 357/395/411 388/455/411 389/458/411
f 385/398/412 384/397/412 415/456/412 416/459/412
f 372/400/413 371/399/413 402/457/413 403/460/413
f 359/401/414 358/396/414 389/458/414 390/428/414
f 386/402/415 385/398/415 416/459/415 417/430/415
f 373/403/416 372/400/416 403/460/416 404/432/416
f 393/437/417 392/434/417 423/461/417 424/462/417
f 407/438/418 406/436/418 437/463/418 438/464/418
f 394/439/419 393/437/419 424/462/419 425/465/419
f 408/440/420 407/438/420 438/464/420 439/466/420
f 395/441/421 394/439/421 425/465/421 426/467/421
f 409/442/422 408/440/422 439/466/422 440/468/422
f 396/443/423 395/441/423 426/467/423 427/469/423
f 410/444/424 409/442/424 440/468/424 441/470/424
f 397/445/425 396/443/425 427/469/425 428/471/425
f 411/446/426 410/444/426 441/470/426 442/472/426
f 398/447/427 397/445/427 428/471/427 429/473/427
f 412/448/428 411/446/428 442/472/428 443/474/428
f 399/449/429 398/447/429 429/473/429 430/475/429
f 413/450/430 412/448/430 443/474/430 444/476/430
f 400/451/431 399/449/431 430/475/431 431/477/431
f 414/452/432 413/450/432 444/476/432 445/478/432
f 401/453/433 400/451/433 431/477/433 432/479/433
f 388/455/434 1039/480/434 419/481/434
f 415/456/435 414/452/435 445/478/435 446/482/435
f 402/457/436 401/453/436 432/479/436 433/483/436
f 389/458/437 388/455/437 419/481/437 420/484/437
f 416/459/438 415/456/438 446/482/438 447/485/438
f 403/460/439 402/457/439 433/483/439 434/486/439
f 390/428/440 389/458/440 420/484/440 421/487/440
f 417/430/441 416/459/441 447/485/441 448/488/441
f 404/432/442 403/460/442 434/486/442 435/489/442
f 391/429/443 390/428/443 421/487/443 422/490/443
f 418/431/444 417/430/444 448/488/444 449/491/444
f 405/433/445 404/432/445 435/489/445 436/492/445
f 392/434/446 391/429/446 422/490/446 423/461/446
f 1226/493/447 418/431/447 449/491/447
f 406/436/448 405/433/448 436/492/448 437/463/448
f 426/467/449 425/465/449 456/494/449 457/495/449
f 440/468/450 439/466/450 470/496/450 471/497/450
f 427/469/451 426/467/451 457/495/451 458/498/451
f 441/470/452 440/468/452 471/497/452 472/499/452
f 428/471/453 427/469/453 458/498/453 459/500/453
f 442/472/454 441/470/454 472/499/454 473/501/454
f 429/473/455 428/471/455 459/500/455 460/502/455
f 443/474/456 442/472/456 473/501/456 474/503/456
f 430/475/457 429/473/457 460/502/457 461/504/457
f 444/476/458 443/474/458 474/503/458 475/505/458
f 431/477/459 430/475/459 461/504/459 462/506/459
f 445/478/460 444/476/460 475/505/460 476/507/460
f 432/479/461 431/477/461 462/506/461 463/508/461
f 419/481/462 1039/509/462 450/510/462
f 446/482/463 445/478/463 476/507/463 477/511/463
f 433/483/464 432/479/464 463/508/464 464/512/464
f 420/484/465 419/481/465 450/510/465 451/513/465
f 447/485/466 446/482/466 477/511/466 478/514/466
f 434/486/467 433/483/467 464/512/467 465/515/467
f 421/487/468 420/484/468 451/513/468 452/516/468
f 448/488/469 447/485/469 478/514/469 479/517/469
f 435/489/470 434/486/470 465/515/470 466/518/470
f 422/490/471 421/487/471 452/516/471 453/519/471
f 449/491/472 448/488/472 479/517/472 480/520/472
f 436/492/473 435/489/473 466/518/473 467/521/473
f 423/461/474 422/490/474 453/519/474 454/522/474
f 1226/523/475 449/491/475 480/520/475
f 437/463/476 436/492/476 467/521/476 468/524/476
f 424/462/477 423/461/477 454/522/477 455/525/477
f 438/464/478 437/463/478 468/524/478 469/526/478
f 425/465/479 424/462/479 455/525/479 456/494/479
f 439/466/480 438/464/480 469/526/480 470/496/480
f 459/500/481 458/498/481 489/527/481 490/528/481
f 473/501/482 472/499/482 503/529/482 504/530/482
f 460/502/483 459/500/483 490/528/483 491/531/483
f 474/503/484 473/501/484 504/530/484 505/532/484
f 461/504/485 460/502/485 491/531/485 492/533/485
f 475/505/486 474/503/486 505/532/486 506/534/486
f 462/506/487 461/504/487 492/533/487 493/535/487
f 476/507/488 475/505/488 506/534/488 507/536/488
f 463/508/489 462/506/489 493/535/489 494/537/489
f 450/510/490 1039/538/490 481/539/490
f 477/511/491 476/507/491 507/536/491 508/540/491
f 464/512/492 463/508/492 494/537/492 495/541/492
f 451/513/493 450/510/493 481/539/493 482/542/493
f 478/514/494 477/511/494 508/540/494 509/543/494
f 465/515/495 464/512/495 495/541/495 496/544/495
f 452/516/496 451/513/496 482/542/496 483/545/496
f 479/517/497 478/514/497 509/543/497 510/546/497
f 466/518/498 465/515/498 496/544/498 497/547/498
f 453/519/499 452/516/499 483/545/499 484/548/499
f 480/520/500 479/517/500 510/546/500 511/549/500
f 467/521/501 466/518/501 497/547/501 498/550/501
f 454/522/502 453/519/502 484/548/502 485/551/502
f 1226/552/503 480/520/503 511/549/503
f 468/524/504 467/521/504 498/550/504 499/553/504
f 455/525/505 454/522/505 485/551/505 486/554/505
f 469/526/506 468/524/506 499/553/506 500/555/506
f 456/494/507 455/525/507 486/554/507 487/556/507
f 470/496/508 469/526/508 500/555/508 501/557/508
f 457/495/509 456/494/509 487/556/509 488/558/509
f 471/497/510 470/496/510 501/557/510 502/559/510
f 458/498/511 457/495/511 488/558/511 489/527/511
f 472/499/512 471/497/512 502/559/512 503/529/512
f 492/533/513 491/531/513 522/560/513 523/561/513
f 506/534/514 505/532/514 536/562/514 537/563/514
f 493/535/515 492/533/515 523/561/515 524/564/515
f 507/536/516 506/534/516 537/563/516 538/565/516
f 494/537/517 493/535/517 524/564/517 525/566/517
f 481/539/518 1039/567/518 512/568/518
f 508/540/519 507/536/519 538/565/519 539/569/519
f 495/541/520 494/537/520 525/566/520 526/570/520
f 482/542/521 481/539/521 512/568/521 513/571/521
f 509/543/522 508/540/522 539/569/522 540/572/522
f 496/544/523 495/541/523 526/570/523 527/573/523
f 483/545/524 482/542/524 513/571/524 514/574/524
f 510/546/525 509/543/525 540/572/525 541/575/525
f 497/547/526 496/544/526 527/573/526 528/576/526
f 484/548/527 483/545/527 514/574/527 515/577/527
f 511/549/528 510/546/528 541/575/528 542/578/528
f 498/550/529 497/547/529 528/576/529 529/579/529
f 485/551/530 484/548/530 515/577/530 516/580/530
f 1226/581/531 511/549/531 542/578/531
f 499/553/532 498/550/532 529/579/532 530/582/532
f 486/554/533 485/551/533 516/580/533 517/583/533
f 500/555/534 499/553/534 530/582/534 531/584/534
f 487/556/535 486/554/535 517/583/535 518/585/535
f 501/557/536 500/555/536 531/584/536 532/586/536
f 488/558/537 487/556/537 518/585/537 519/587/537
f 502/559/538 501/557/538 532/586/538 533/588/538
f 489/527/539 488/558/539 519/587/539 520/589/539
f 503/529/540 502/559/540 533/588/540 534/590/540
f 490/528/541 489/527/541 520/589/541 521/591/541
f 504/530/542 503/529/542 534/590/542 535/592/542
f 491/531/543 490/528/543 521/591/543 522/560/543
f 505/532/544 504/530/544 535/592/544 536/562/544
f 525/566/545 524/564/545 555/593/545 556/594/545
f 512/568/546 1039/595/546 543/596/546
f 539/569/547 538/565/547 569/597/547 570/598/547
f 526/570/548 525/566/548 556/594/548 557/599/548
f 513/571/549 512/568/549 543/596/549 544/600/549
f 540/572/550 539/569/550 570/598/550 571/601/550
f 527/573/551 526/570/551 557/599/551 558/602/551
f 514/574/552 513/571/552 544/600/552 545/603/552
f 541/575/553 540/572/553 571/601/553 572/604/553
f 528/576/554 527/573/554 558/602/554 559/605/554
f 515/577/555 514/574/555 545/603/555 546/606/555
f 542/578/556 541/575/556 572/604/556 573/607/556
f 529/579/557 528/576/557 559/605/557 560/608/557
f 516/580/558 515/577/558 546/606/558 547/609/558
f 1226/610/559 542/578/559 573/607/559
f 530/582/560 529/579/560 560/608/560 561/611/560
f 517/583/561 516/580/561 547/609/561 548/612/561
f 531/584/562 530/582/562 561/611/562 562/613/562
f 518/585/563 517/583/563 548/612/563 549/614/563
f 532/586/564 531/584/564 562/613/564 563/615/564
f 519/587/565 518/585/565 549/614/565 550/616/565
f 533/588/566 532/586/566 563/615/566 564/617/566
f 520/589/567 519/587/567 550/616/567 551/618/567
f 534/590/568 533/588/568 564/617/568 565/619/568
f 521/591/569 520/589/569 551/618/569 552/620/569
f 535/592/570 534/590/570 565/619/570 566/621/570
f 522/560/571 521/591/571 552/620/571 553/622/571
f 536/562/572 535/592/572 566/621/572 567/623/572
f 523/561/573 522/560/573 553/622/573 554/624/573
f 537/563/574 536/562/574 567/623/574 568/625/574
f 524/564/575 523/561/575 554/624/575 555/593/575
f 538/565/576 537/563/576 568/625/576 569/597/576
f 558/602/577 557/599/577 588/626/577 589/627/577
f 545/603/578 544/600/578 575/628/578 576/629/578
f 572/604/579 571/601/579 602/630/579 603/631/579
f 559/605/580 558/602/580 589/627/580 590/632/580
f 546/606/581 545/603/581 576/629/581 577/633/581
f 573/607/582 572/604/582 603/631/582 604/634/582
f 560/608/583 559/605/583 590/632/583 591/635/583
f 547/609/584 546/606/584 577/633/584 578/636/584
f 1226/637/585 573/607/585 604/634/585
f 561/611/586 560/608/586 591/635/586 592/638/586
f 548/612/587 547/609/587 578/636/587 579/639/587
f 562/613/588 561/611/588 592/638/588 593/640/588
f 549/614/589 548/612/589 579/639/589 580/641/589
f 563/615/590 562/613/590 593/640/590 594/642/590
f 550/616/591 549/614/591 580/641/591 581/643/591
f 564/617/592 563/615/592 594/642/592 595/644/592
f 551/618/593 550/616/593 581/643/593 582/645/593
f 565/619/594 564/617/594 595/644/594 596/646/594
f 552/620/595 551/618/595 582/645/595 583/647/595
f 566/621/596 565/619/596 596/646/596 597/648/596
f 553/622/597 552/620/597 583/647/597 584/649/597
f 567/623/598 566/621/598 597/648/598 598/650/598
f 554/624/599 553/622/599 584/649/599 585/651/599
f 568/625/600 567/623/600 598/650/600 599/652/600
f 555/593/601 554/624/601 585/651/601 586/653/601
f 569/597/602 568/625/602 599/652/602 600/654/602
f 556/594/603 555/593/603 586/653/603 587/655/603
f 543/596/604 1039/656/604 574/657/604
f 570/598/605 569/597/605 600/654/605 601/658/605
f 557/599/606 556/594/606 587/655/606 588/626/606
f 544/600/607 543/596/607 574/657/607 575/628/607
f 571/601/608 570/598/608 601/658/608 602/630/608
f 591/635/609 590/632/609 621/659/609 622/660/609
f 578/636/610 577/633/610 608/661/610 609/662/610
f 1226/663/611 604/634/611 635/664/611
f 592/638/612 591/635/612 622/660/612 623/665/612
f 579/639/613 578/636/613 609/662/613 610/666/613
f 593/640/614 592/638/614 623/665/614 624/667/614
f 580/641/615 579/639/615 610/666/615 611/668/615
f 594/642/616 593/640/616 624/667/616 625/669/616
f 581/643/617 580/641/617 611/668/617 612/670/617
f 595/644/618 594/642/618 625/669/618 626/671/618
f 582/645/619 581/643/619 612/670/619 613/672/619
f 596/646/620 595/644/620 626/671/620 627/673/620
f 583/647/621 582/645/621 613/672/621 614/674/621
f 597/648/622 596/646/622 627/673/622 628/675/622
f 584/649/623 583/647/623 614/674/623 615/676/623
f 598/650/624 597/648/624 628/675/624 629/677/624
f 585/651/625 584/649/625 615/676/625 616/678/625
f 599/652/626 598/650/626 629/677/626 630/679/626
f 586/653/627 585/651/627 616/678/627 617/680/627
f 600/654/628 599/652/628 630/679/628 631/681/628
f 587/655/629 586/653/629 617/680/629 618/682/629
f 574/657/630 1039/683/630 605/684/630
f 601/658/631 600/654/631 631/681/631 632/685/631
f 588/626/632 587/655/632 618/682/632 619/686/632
f 575/628/633 574/657/633 605/684/633 606/687/633
f 602/630/634 601/658/634 632/685/634 633/688/634
f 589/627/635 588/626/635 619/686/635 620/689/635
f 576/629/636 575/628/636 606/687/636 607/690/636
f 603/631/637 602/630/637 633/688/637 634/691/637
f 590/632/638 589/627/638 620/689/638 621/659/638
f 577/633/639 576/629/639 607/690/639 608/661/639
f 604/634/640 603/631/640 634/691/640 635/664/640
f 624/667/641 623/665/641 654/692/641 655/693/641
f 611/668/642 610/666/642 641/694/642 642/695/642
f 625/669/643 624/667/643 655/693/643 656/696/643
f 612/670/644 611/668/644 642/695/644 643/697/644
f 626/671/645 625/669/645 656/696/645 657/698/645
f 613/672/646 612/670/646 643/697/646 644/699/646
f 627/673/647 626/671/647 657/698/647 658/700/647
f 614/674/648 613/672/648 644/699/648 645/701/648
f 628/675/649 627/673/649 658/700/649 659/702/649
f 615/676/650 614/674/650 645/701/650 646/703/650
f 629/677/651 628/675/651 659/702/651 660/704/651
f 616/678/652 615/676/652 646/703/652 647/705/652
f 630/679/653 629/677/653 660/704/653 661/706/653
f 617/680/654 616/678/654 647/705/654 648/707/654
f 631/681/655 630/679/655 661/706/655 662/708/655
f 618/682/656 617/680/656 648/707/656 649/709/656
f 605/684/657 1039/710/657 636/711/657
f 632/685/658 631/681/658 662/708/658 663/712/658
f 619/686/659 618/682/659 649/709/659 650/713/659
f 606/687/660 605/684/660 636/711/660 637/714/660
f 633/688/661 632/685/661 663/712/661 664/715/661
f 620/689/662 619/686/662 650/713/662 651/716/662
f 607/690/663 606/687/663 637/714/663 638/717/663
f 634/691/664 633/688/664 664/715/664 665/718/664
f 621/659/665 620/689/665 651/716/665 652/719/665
f 608/661/666 607/690/666 638/717/666 639/720/666
f 635/664/667 634/691/667 665/718/667 666/721/667
f 622/660/668 621/659/668 652/719/668 653/722/668
f 609/662/669 608/661/669 639/720/669 640/723/669
f 1226/724/670 635/664/670 666/721/670
f 623/665/671 622/660/671 653/722/671 654/692/671
f 610/666/672 609/662/672 640/723/672 641/694/672
f 657/698/673 656/696/673 687/725/673 688/726/673
f 644/699/674 643/697/674 674/727/674 675/728/674
f 658/700/675 657/698/675 688/726/675 689/729/675
f 645/701/676 644/699/676 675/728/676 676/730/676
f 659/702/677 658/700/677 689/729/677 690/731/677
f 646/703/678 645/701/678 676/730/678 677/732/678
f 660/704/679 659/702/679 690/731/679 691/733/679
f 647/705/680 646/703/680 677/732/680 678/734/680
f 661/706/681 660/704/681 691/733/681 692/735/681
f 648/707/682 647/705/682 678/734/682 679/736/682
f 662/708/683 661/706/683 692/735/683 693/737/683
f 649/709/684 648/707/684 679/736/684 680/738/684
f 636/711/685 1039/739/685 667/740/685
f 663/712/686 662/708/686 693/737/686 694/741/686
f 650/713/687 649/709/687 680/738/687 681/742/687
f 637/714/688 636/711/688 667/740/688 668/743/688
f 664/715/689 663/712/689 694/741/689 695/744/689
f 651/716/690 650/713/690 681/742/690 682/745/690
f 638/717/691 637/714/691 668/743/691 669/746/691
f 665/718/692 664/715/692 695/744/692 696/747/692
f 652/719/693 651/716/693 682/745/693 683/748/693
f 639/720/694 638/717/694 669/746/694 670/749/694
f 666/721/695 665/718/695 696/747/695 697/750/695
f 653/722/696 652/719/696 683/748/696 684/751/696
f 640/723/697 639/720/697 670/749/697 671/752/697
f 1226/753/698 666/721/698 697/750/698
f 654/692/699 653/722/699 684/751/699 685/754/699
f 641/694/700 640/723/700 671/752/700 672/755/700
f 655/693/701 654/692/701 685/754/701 686/756/701
f 642/695/702 641/694/702 672/755/702 673/757/702
f 656/696/703 655/693/703 686/756/703 687/725/703
f 643/697/704 642/695/704 673/757/704 674/727/704
f 690/731/705 689/729/705 720/758/705 721/759/705
f 677/732/706 676/730/706 707/760/706 708/761/706
f 691/733/707 690/731/707 721/759/707 722/762/707
f 678/734/708 677/732/708 708/761/708 709/763/708
f 692/735/709 691/733/709 722/762/709 723/764/709
f 679/736/710 678/734/710 709/763/710 710/765/710
f 693/737/711 692/735/711 723/764/711 724/766/711
f 680/738/712 679/736/712 710/765/712 711/767/712
f 667/740/713 1039/768/713 698/769/713
f 694/741/714 693/737/714 724/766/714 725/770/714
f 681/742/715 680/738/715 711/767/715 712/771/715
f 668/743/716 667/740/716 698/769/716 699/772/716
f 695/744/717 694/741/717 725/770/717 726/773/717
f 682/745/718 681/742/718 712/771/718 713/774/718
f 669/746/719 668/743/719 699/772/719 700/775/719
f 696/747/720 695/744/720 726/773/720 727/776/720
f 683/748/721 682/745/721 713/774/721 714/777/721
f 670/749/722 669/746/722 700/775/722 701/778/722
f 697/750/723 696/747/723 727/776/723 728/779/723
f 684/751/724 683/748/724 714/777/724 715/780/724
f 671/752/725 670/749/725 701/778/725 702/781/725
f 1226/782/726 697/750/726 728/779/726
f 685/754/727 684/751/727 715/780/727 716/783/727
f 672/755/728 671/752/728 702/781/728 703/784/728
f 686/756/729 685/754/729 716/783/729 717/785/729
f 673/757/730 672/755/730 703/784/730 704/786/730
f 687/725/731 686/756/731 717/785/731 718/787/731
f 674/727/732 673/757/732 704/786/732 705/788/732
f 688/726/733 687/725/733 718/787/733 719/789/733
f 675/728/734 674/727/734 705/788/734 706/790/734
f 689/729/735 688/726/735 719/789/735 720/758/735
f 676/730/736 675/728/736 706/790/736 707/760/736
f 723/764/737 722/762/737 753/791/737 754/792/737
f 710/765/738 709/763/738 740/793/738 741/794/738
f 724/766/739 723/764/739 754/792/739 755/795/739
f 711/767/740 710/765/740 741/794/740 742/796/740
f 698/769/741 1039/797/741 729/798/741
f 725/770/742 724/766/742 755/795/742 756/799/742
f 712/771/743 711/767/743 742/796/743 743/800/743
f 699/772/744 698/769/744 729/798/744 730/801/744
f 726/773/745 725/770/745 756/799/745 757/802/745
f 713/774/746 712/771/746 743/800/746 744/803/746
f 700/775/747 699/772/747 730/801/747 731/804/747
f 727/776/748 726/773/748 757/802/748 758/805/748
f 714/777/749 713/774/749 744/803/749 745/806/749
f 701/778/750 700/775/750 731/804/750 732/807/750
f 728/779/751 727/776/751 758/805/751 759/808/751
f 715/780/752 714/777/752 745/806/752 746/809/752
f 702/781/753 701/778/753 732/807/753 733/810/753
f 1226/811/754 728/779/754 759/808/754
f 716/783/755 715/780/755 746/809/755 747/812/755
f 703/784/756 702/781/756 733/810/756 734/813/756
f 717/785/757 716/783/757 747/812/757 748/814/757
f 704/786/758 703/784/758 734/813/758 735/815/758
f 718/787/759 717/785/759 748/814/759 749/816/759
f 705/788/760 704/786/760 735/815/760 736/817/760
f 719/789/761 718/787/761 749/816/761 750/818/761
f 706/790/762 705/788/762 736/817/762 737/819/762
f 720/758/763 719/789/763 750/818/763 751/820/763
f 707/760/764 706/790/764 737/819/764 738/821/764
f 721/759/765 720/758/765 751/820/765 752/822/765
f 708/761/766 707/760/766 738/821/766 739/823/766
f 722/762/767 721/759/767 752/822/767 753/791/767
f 709/763/768 708/761/768 739/823/768 740/793/768
f 756/799/769 755/795/769 786/824/769 787/825/769
f 743/800/770 742/796/770 773/826/770 774/827/770
f 730/801/771 729/798/771 760/828/771 761/829/771
f 757/802/772 756/799/772 787/825/772 788/830/772
f 744/803/773 743/800/773 774/827/773 775/831/773
f 731/804/774 730/801/774 761/829/774 762/832/774
f 758/805/775 757/802/775 788/830/775 789/833/775
f 745/806/776 744/803/776 775/831/776 776/834/776
f 732/807/777 731/804/777 762/832/777 763/835/777
f 759/808/778 758/805/778 789/833/778 790/836/778
f 746/809/779 745/806/779 776/834/779 777/837/779
f 733/810/780 732/807/780 763/835/780 764/838/780
f 1226/839/781 759/808/781 790/836/781
f 747/812/782 746/809/782 777/837/782 778/840/782
f 734/813/783 733/810/783 764/838/783 765/841/783
f 748/814/784 747/812/784 778/840/784 779/842/784
f 735/815/785 734/813/785 765/841/785 766/843/785
f 749/816/786 748/814/786 779/842/786 780/844/786
f 736/817/787 735/815/787 766/843/787 767/845/787
f 750/818/788 749/816/788 780/844/788 781/846/788
f 737/819/789 736/817/789 767/845/789 768/847/789
f 751/820/790 750/818/790 781/846/790 782/848/790
f 738/821/791 737/819/791 768/847/791 769/849/791
f 752/822/792 751/820/792 782/848/792 783/850/792
f 739/823/793 738/821/793 769/849/793 770/851/793
f 753/791/794 752/822/794 783/850/794 784/852/794
f 740/793/795 739/823/795 770/851/795 771/853/795
f 754/792/796 753/791/796 784/852/796 785/854/796
f 741/794/797 740/793/797 771/853/797 772/855/797
f 755/795/798 754/792/798 785/854/798 786/824/798
f 742/796/799 741/794/799 772/855/799 773/826/799
f 729/798/800 1039/856/800 760/828/800
f 789/833/801 788/830/801 819/857/801 820/858/801
f 776/834/802 775/831/802 806/859/802 807/860/802
f 763/835/803 762/832/803 793/861/803 794/862/803
f 790/836/804 789/833/804 820/858/804 821/863/804
f 777/837/805 776/834/805 807/860/805 808/864/805
f 764/838/806 763/835/806 794/862/806 795/865/806
f 1226/866/807 790/836/807 821/863/807
f 778/840/808 777/837/808 808/864/808 809/867/808
f 765/841/809 764/838/809 795/865/809 796/868/809
f 779/842/810 778/840/810 809/867/810 810/869/810
f 766/843/811 765/841/811 796/868/811 797/870/811
f 780/844/812 779/842/812 810/869/812 811/871/812
f 767/845/813 766/843/813 797/870/813 798/872/813
f 781/846/814 780/844/814 811/871/814 812/873/814
f 768/847/815 767/845/815 798/872/815 799/874/815
f 782/848/816 781/846/816 812/873/816 813/875/816
f 769/849/817 768/847/817 799/874/817 800/876/817
f 783/850/818 782/848/818 813/875/818 814/877/818
f 770/851/819 769/849/819 800/876/819 801/878/819
f 784/852/820 783/850/820 814/877/820 815/879/820
f 771/853/821 770/851/821 801/878/821 802/880/821
f 785/854/822 784/852/822 815/879/822 816/881/822
f 772/855/823 771/853/823 802/880/823 803/882/823
f 786/824/824 785/854/824 816/881/824 817/883/824
f 773/826/825 772/855/825 803/882/825 804/884/825
f 760/828/826 1039/885/826 791/886/826
f 787/825/827 786/824/827 817/883/827 818/887/827
f 774/827/828 773/826/828 804/884/828 805/888/828
f 761/829/829 760/828/829 791/886/829 792/889/829
f 788/830/830 787/825/830 818/887/830 819/857/830
f 775/831/831 774/827/831 805/888/831 806/859/831
f 762/832/832 761/829/832 792/889/832 793/861/832
f 816/881/833 815/879/833 846/890/833 847/891/833
f 803/882/834 802/880/834 833/892/834 834/893/834
f 817/883/835 816/881/835 847/891/835 848/894/835
f 804/884/836 803/882/836 834/893/836 835/895/836
f 791/886/837 1039/896/837 822/897/837
f 818/887/838 817/883/838 848/894/838 849/898/838
f 805/888/839 804/884/839 835/895/839 836/899/839
f 792/889/840 791/886/840 822/897/840 823/900/840
f 819/857/841 818/887/841 849/898/841 850/901/841
f 806/859/842 805/888/842 836/899/842 837/902/842
f 793/861/843 792/889/843 823/900/843 824/903/843
f 820/858/844 819/857/844 850/901/844 851/904/844
f 807/860/845 806/859/845 837/902/845 838/905/845
f 794/862/846 793/861/846 824/903/846 825/906/846
f 821/863/847 820/858/847 851/904/847 852/907/847
f 808/864/848 807/860/848 838/905/848 839/908/848
f 795/865/849 794/862/849 825/906/849 826/909/849
f 1226/910/850 821/863/850 852/907/850
f 809/867/851 808/864/851 839/908/851 840/911/851
f 796/868/852 795/865/852 826/909/852 827/912/852
f 810/869/853 809/867/853 840/911/853 841/913/853
f 797/870/854 796/868/854 827/912/854 828/914/854
f 811/871/855 810/869/855 841/913/855 842/915/855
f 798/872/856 797/870/856 828/914/856 829/916/856
f 812/873/857 811/871/857 842/915/857 843/917/857
f 799/874/858 798/872/858 829/916/858 830/918/858
f 813/875/859 812/873/859 843/917/859 844/919/859
f 800/876/860 799/874/860 830/918/860 831/920/860
f 814/877/861 813/875/861 844/919/861 845/921/861
f 801/878/862 800/876/862 831/920/862 832/922/862
f 815/879/863 814/877/863 845/921/863 846/890/863
f 802/880/864 801/878/864 832/922/864 833/892/864
f 822/897/865 1039/923/865 853/924/865
f 849/898/866 848/894/866 879/925/866 880/926/866
f 836/899/867 835/895/867 866/927/867 867/928/867
f 823/900/868 822/897/868 853/924/868 854/929/868
f 850/901/869 849/898/869 880/926/869 881/930/869
f 837/902/870 836/899/870 867/928/870 868/931/870
f 824/903/871 823/900/871 854/929/871 855/932/871
f 851/904/872 850/901/872 881/930/872 882/933/872
f 838/905/873 837/902/873 868/931/873 869/934/873
f 825/906/874 824/903/874 855/932/874 856/935/874
f 852/907/875 851/904/875 882/933/875 883/936/875
f 839/908/876 838/905/876 869/934/876 870/937/876
f 826/909/877 825/906/877 856/935/877 857/938/877
f 1226/939/878 852/907/878 883/936/878
f 840/911/879 839/908/879 870/937/879 871/940/879
f 827/912/880 826/909/880 857/938/880 858/941/880
f 841/913/881 840/911/881 871/940/881 872/942/881
f 828/914/882 827/912/882 858/941/882 859/943/882
f 842/915/883 841/913/883 872/942/883 873/944/883
f 829/916/884 828/914/884 859/943/884 860/945/884
f 843/917/885 842/915/885 873/944/885 874/946/885
f 830/918/886 829/916/886 860/945/886 861/947/886
f 844/919/887 843/917/887 874/946/887 875/948/887
f 831/920/888 830/918/888 861/947/888 862/949/888
f 845/921/889 844/919/889 875/948/889 876/950/889
f 832/922/890 831/920/890 862/949/890 863/951/890
f 846/890/891 845/921/891 876/950/891 877/952/891
f 833/892/892 832/922/892 863/951/892 864/953/892
f 847/891/893 846/890/893 877/952/893 878/954/893
f 834/893/894 833/892/894 864/953/894 865/955/894
f 848/894/895 847/891/895 878/954/895 879/925/895
f 835/895/896 834/893/896 865/955/896 866/927/896
f 855/932/897 854/929/897 885/956/897 886/957/897
f 882/933/898 881/930/898 912/958/898 913/959/898
f 869/934/899 868/931/899 899/960/899 900/961/899
f 856/935/900 855/932/900 886/957/900 887/962/900
f 883/936/901 882/933/901 913/959/901 914/963/901
f 870/937/902 869/934/902 900/961/902 901/964/902
f 857/938/903 856/935/903 887/962/903 888/965/903
f 1226/966/904 883/936/904 914/963/904
f 871/940/905 870/937/905 901/964/905 902/967/905
f 858/941/906 857/938/906 888/965/906 889/968/906
f 872/942/907 871/940/907 902/967/907 903/969/907
f 859/943/908 858/941/908 889/968/908 890/970/908
f 873/944/909 872/942/909 903/969/909 904/971/909
f 860/945/910 859/943/910 890/970/910 891/972/910
f 874/946/911 873/944/911 904/971/911 905/973/911
f 861/947/912 860/945/912 891/972/912 892/974/912
f 875/948/913 874/946/913 905/973/913 906/975/913
f 862/949/914 861/947/914 892/974/914 893/976/914
f 876/950/915 875/948/915 906/975/915 907/977/915
f 863/951/916 862/949/916 893/976/916 894/978/916
f 877/952/917 876/950/917 907/977/917 908/979/917
f 864/953/918 863/951/918 894/978/918 895/980/918
f 878/954/919 877/952/919 908/979/919 909/981/919
f 865/955/920 864/953/920 895/980/920 896/982/920
f 879/925/921 878/954/921 909/981/921 910/983/921
f 866/927/922 865/955/922 896/982/922 897/984/922
f 853/924/923 1039/985/923 884/986/923
f 880/926/924 879/925/924 910/983/924 911/987/924
f 867/928/925 866/927/925 897/984/925 898/988/925
f 854/929/926 853/924/926 884/986/926 885/956/926
f 881/930/927 880/926/927 911/987/927 912/958/927
f 868/931/928 867/928/928 898/988/928 899/960/928
f 888/965/929 887/962/929 918/989/929 919/990/929
f 1226/991/930 914/963/930 945/992/930
f 902/967/931 901/964/931 932/993/931 933/994/931
f 889/968/932 888/965/932 919/990/932 920/995/932
f 903/969/933 902/967/933 933/994/933 934/996/933
f 890/970/934 889/968/934 920/995/934 921/997/934
f 904/971/935 903/969/935 934/996/935 935/998/935
f 891/972/936 890/970/936 921/997/936 922/999/936
f 905/973/937 904/971/937 935/998/937 936/1000/937
f 892/974/938 891/972/938 922/999/938 923/1001/938
f 906/975/939 905/973/939 936/1000/939 937/1002/939
f 893/976/940 892/974/940 923/1001/940 924/1003/940
f 907/977/941 906/975/941 937/1002/941 938/1004/941
f 894/978/942 893/976/942 924/1003/942 925/1005/942
f 908/979/943 907/977/943 938/1004/943 939/1006/943
f 895/980/944 894/978/944 925/1005/944 926/1007/944
f 909/981/945 908/979/945 939/1006/945 940/1008/945
f 896/982/946 895/980/946 926/1007/946 927/1009/946
f 910/983/947 909/981/947 940/1008/947 941/1010/947
f 897/984/948 896/982/948 927/1009/948 928/1011/948
f 884/986/949 1039/1012/949 915/1013/949
f 911/987/950 910/983/950 941/1010/950 942/1014/950
f 898/988/951 897/984/951 928/1011/951 929/1015/951
f 885/956/952 884/986/952 915/1013/952 916/1016/952
f 912/958/953 911/987/953 942/1014/953 943/1017/953
f 899/960/954 898/988/954 929/1015/954 930/1018/954
f 886/957/955 885/956/955 916/1016/955 917/1019/955
f 913/959/956 912/958/956 943/1017/956 944/1020/956
f 900/961/957 899/960/957 930/1018/957 931/1021/957
f 887/962/958 886/957/958 917/1019/958 918/989/958
f 914/963/959 913/959/959 944/1020/959 945/992/959
f 901/964/960 900/961/960 931/1021/960 932/993/960
f 921/997/961 920/995/961 951/1022/961 952/1023/961
f 935/998/962 934/996/962 965/1024/962 966/1025/962
f 922/999/963 921/997/963 952/1023/963 953/1026/963
f 936/1000/964 935/998/964 966/1025/964 967/1027/964
f 923/1001/965 922/999/965 953/1026/965 954/1028/965
f 937/1002/966 936/1000/966 967/1027/966 968/1029/966
f 924/1003/967 923/1001/967 954/1028/967 955/1030/967
f 938/1004/968 937/1002/968 968/1029/968 969/1031/968
f 925/1005/969 924/1003/969 955/1030/969 956/1032/969
f 939/1006/970 938/1004/970 969/1031/970 970/1033/970
f 926/1007/971 925/1005/971 956/1032/971 957/1034/971
f 940/1008/972 939/1006/972 970/1033/972 971/1035/972
f 927/1009/973 926/1007/973 957/1034/973 958/1036/973
f 941/1010/974 940/1008/974 971/1035/974 972/1037/974
f 928/1011/975 927/1009/975 958/1036/975 959/1038/975
f 915/1013/976 1039/1039/976 946/1040/976
f 942/1014/977 941/1010/977 972/1037/977 973/1041/977
f 929/1015/978 928/1011/978 959/1038/978 960/1042/978
f 916/1016/979 915/1013/979 946/1040/979 947/1043/979
f 943/1017/980 942/1014/980 973/1041/980 974/1044/980
f 930/1018/981 929/1015/981 960/1042/981 961/1045/981
f 917/1019/982 916/1016/982 947/1043/982 948/1046/982
f 944/1020/983 943/1017/983 974/1044/983 975/1047/983
f 931/1021/984 930/1018/984 961/1045/984 962/1048/984
f 918/989/985 917/1019/985 948/1046/985 949/1049/985
f 945/992/986 944/1020/986 975/1047/986 976/1050/986
f 932/993/987 931/1021/987 962/1048/987 963/1051/987
f 919/990/988 918/989/988 949/1049/988 950/1052/988
f 1226/1053/989 945/992/989 976/1050/989
f 933/994/990 932/993/990 963/1051/990 964/1054/990
f 920/995/991 919/990/991 950/1052/991 951/1022/991
f 934/996/992 933/994/992 964/1054/992 965/1024/992
f 954/1028/993 953/1026/993 984/1055/993 985/1056/993
f 968/1029/994 967/1027/994 998/1057/994 999/1058/994
f 955/1030/995 954/1028/995 985/1056/995 986/1059/995
f 969/1031/996 968/1029/996 999/1058/996 1000/1060/996
f 956/1032/997 955/1030/997 986/1059/997 987/1061/997
f 970/1033/998 969/1031/998 1000/1060/998 1001/1062/998
f 957/1034/999 956/1032/999 987/1061/999 988/1063/999
f 971/1035/1000 970/1033/1000 1001/1062/1000 1002/1064/1000
f 958/1036/1001 957/1034/1001 988/1063/1001 989/1065/1001
f 972/1037/1002 971/1035/1002 1002/1064/1002 1003/1066/1002
f 959/1038/1003 958/1036/1003 989/1065/1003 990/1067/1003
f 946/1040/1004 1039/1068/1004 977/1069/1004
f 973/1041/1005 972/1037/1005 1003/1066/1005 1004/1070/1005
f 960/1042/1006 959/1038/1006 990/1067/1006 991/1071/1006
f 947/1043/1007 946/1040/1007 977/1069/1007 978/1072/1007
f 974/1044/1008 973/1041/1008 1004/1070/1008 1005/1073/1008
f 961/1045/1009 960/1042/1009 991/1071/1009 992/1074/1009
f 948/1046/1010 947/1043/1010 978/1072/1010 979/1075/1010
f 975/1047/1011 974/1044/1011 1005/1073/1011 1006/1076/1011
f 962/1048/1012 961/1045/1012 992/1074/1012 993/1077/1012
f 949/1049/1013 948/1046/1013 979/1075/1013 980/1078/1013
f 976/1050/1014 975/1047/1014 1006/1076/1014 1007/1079/1014
f 963/1051/1015 962/1048/1015 993/1077/1015 994/1080/1015
f 950/1052/1016 949/1049/1016 980/1078/1016 981/1081/1016
f 1226/1082/1017 976/1050/1017 1007/1079/1017
f 964/1054/1018 963/1051/1018 994/1080/1018 995/1083/1018
f 951/1022/1019 950/1052/1019 981/1081/1019 982/1084/1019
f 965/1024/1020 964/1054/1020 995/1083/1020 996/1085/1020
f 952/1023/1021 951/1022/1021 982/1084/1021 983/1086/1021
f 966/1025/1022 965/1024/1022 996/1085/1022 997/1087/1022
f 953/1026/1023 952/1023/1023 983/1086/1023 984/1055/1023
f 967/1027/1024 966/1025/1024 997/1087/1024 998/1057/1024
f 987/1061/1025 986/1059/1025 1017/1088/1025 1018/1089/1025
f 1001/1062/1026 1000/1060/1026 1031/1090/1026 1032/1091/1026
f 988/1063/1027 987/1061/1027 1018/1089/1027 1019/1092/1027
f 1002/1064/1028 1001/1062/1028 1032/1091/1028 1033/1093/1028
f 989/1065/1029 988/1063/1029 1019/1092/1029 1020/1094/1029
f 1003/1066/1030 1002/1064/1030 1033/1093/1030 1034/1095/1030
f 990/1067/1031 989/1065/1031 1020/1094/1031 1021/1096/1031
f 977/1069/1032 1039/1097/1032 1008/1098/1032
f 1004/1070/1033 1003/1066/1033 1034/1095/1033 1035/1099/1033
f 991/1071/1034 990/1067/1034 1021/1096/1034 1022/1100/1034
f 978/1072/1035 977/1069/1035 1008/1098/1035 1009/1101/1035
f 1005/1073/1036 1004/1070/1036 1035/1099/1036 1036/1102/1036
f 992/1074/1037 991/1071/1037 1022/1100/1037 1023/1103/1037
f 979/1075/1038 978/1072/1038 1009/1101/1038 1010/1104/1038
f 1006/1076/1039 1005/1073/1039 1036/1102/1039 1037/1105/1039
f 993/1077/1040 992/1074/1040 1023/1103/1040 1024/1106/1040
f 980/1078/1041 979/1075/1041 1010/1104/1041 1011/1107/1041
f 1007/1079/1042 1006/1076/1042 1037/1105/1042 1038/1108/1042
f 994/1080/1043 993/1077/1043 1024/1106/1043 1025/1109/1043
f 981/1081/1044 980/1078/1044 1011/1107/1044 1012/1110/1044
f 1226/1111/1045 1007/1079/1045 1038/1108/1045
f 995/1083/1046 994/1080/1046 1025/1109/1046 1026/1112/1046
f 982/1084/1047 981/1081/1047 1012/1110/1047 1013/1113/1047
f 996/1085/1048 995/1083/1048 1026/1112/1048 1027/1114/1048
f 983/1086/1049 982/1084/1049 1013/1113/1049 1014/1115/1049
f 997/1087/1050 996/1085/1050 1027/1114/1050 1028/1116/1050
f 984/1055/1051 983/1086/1051 1014/1115/1051 1015/1117/1051
f 998/1057/1052 997/1087/1052 1028/1116/1052 1029/1118/1052
f 985/1056/1053 984/1055/1053 1015/1117/1053 1016/1119/1053
f 999/1058/1054 998/1057/1054 1029/1118/1054 1030/1120/1054
f 986/1059/1055 985/1056/1055 1016/1119/1055 1017/1088/1055
f 1000/1060/1056 999/1058/1056 1030/1120/1056 1031/1090/1056
f 1020/1094/1057 1019/1092/1057 1051/1121/1057 1052/1122/1057
f 1034/1095/1058 1033/1093/1058 1065/1123/1058 1066/1124/1058
f 1021/1096/1059 1020/1094/1059 1052/1122/1059 1053/1125/1059
f 1008/1098/1060 1039/1126/1060 1040/1127/1060
f 1035/1099/1061 1034/1095/1061 1066/1124/1061 1067/1128/1061
f 1022/1100/1062 1021/1096/1062 1053/1125/1062 1054/1129/1062
f 1009/1101/1063 1008/1098/1063 1040/1127/1063 1041/1130/1063
f 1036/1102/1064 1035/1099/1064 1067/1128/1064 1068/1131/1064
f 1023/1103/1065 1022/1100/1065 1054/1129/1065 1055/1132/1065
f 1010/1104/1066 1009/1101/1066 1041/1130/1066 1042/1133/1066
f 1037/1105/1067 1036/1102/1067 1068/1131/1067 1069/1134/1067
f 1024/1106/1068 1023/1103/1068 1055/1132/1068 1056/1135/1068
f 1011/1107/1069 1010/1104/1069 1042/1133/1069 1043/1136/1069
f 1038/1108/1070 1037/1105/1070 1069/1134/1070 1070/1137/1070
f 1025/1109/1071 1024/1106/1071 1056/1135/1071 1057/1138/1071
f 1012/1110/1072 1011/1107/1072 1043/1136/1072 1044/1139/1072
f 1226/1140/1073 1038/1108/1073 1070/1137/1073
f 1026/1112/1074 1025/1109/1074 1057/1138/1074 1058/1141/1074
f 1013/1113/1075 1012/1110/1075 1044/1139/1075 1045/1142/1075
f 1027/1114/1076 1026/1112/1076 1058/1141/1076 1059/1143/1076
f 1014/1115/1077 1013/1113/1077 1045/1142/1077 1046/1144/1077
f 1028/1116/1078 1027/1114/1078 1059/1143/1078 1060/1145/1078
f 1015/1117/1079 1014/1115/1079 1046/1144/1079 1047/1146/1079
f 1029/1118/1080 1028/1116/1080 1060/1145/1080 1061/1147/1080
f 1016/1119/1081 1015/1117/1081 1047/1146/1081 1048/1148/1081
f 1030/1120/1082 1029/1118/1082 1061/1147/1082 1062/1149/1082
f 1017/1088/1083 1016/1119/1083 1048/1148/1083 1049/1150/1083
f 1031/1090/1084 1030/1120/1084 1062/1149/1084 1063/1151/1084
f 1018/1089/1085 1017/1088/1085 1049/1150/1085 1050/1152/1085
f 1032/1091/1086 1031/1090/1086 1063/1151/1086 1064/1153/1086
f 1019/1092/1087 1018/1089/1087 1050/1152/1087 1051/1121/1087
f 1033/1093/1088 1032/1091/1088 1064/1153/1088 1065/1123/1088
f 1054/1129/1089 1053/1125/1089 1084/1154/1089 1085/1155/1089
f 1041/1130/1090 1040/1127/1090 1071/1156/1090 1072/1157/1090
f 1068/1131/1091 1067/1128/1091 1098/1158/1091 1099/1159/1091
f 1055/1132/1092 1054/1129/1092 1085/1155/1092 1086/1160/1092
f 1042/1133/1093 1041/1130/1093 1072/1157/1093 1073/1161/1093
f 1069/1134/1094 1068/1131/1094 1099/1159/1094 1100/1162/1094
f 1056/1135/1095 1055/1132/1095 1086/1160/1095 1087/1163/1095
f 1043/1136/1096 1042/1133/1096 1073/1161/1096 1074/1164/1096
f 1070/1137/1097 1069/1134/1097 1100/1162/1097 1101/1165/1097
f 1057/1138/1098 1056/1135/1098 1087/1163/1098 1088/1166/1098
f 1044/1139/1099 1043/1136/1099 1074/1164/1099 1075/1167/1099
f 1226/1168/1100 1070/1137/1100 1101/1165/1100
f 1058/1141/1101 1057/1138/1101 1088/1166/1101 1089/1169/1101
f 1045/1142/1102 1044/1139/1102 1075/1167/1102 1076/1170/1102
f 1059/1143/1103 1058/1141/1103 1089/1169/1103 1090/1171/1103
f 1046/1144/1104 1045/1142/1104 1076/1170/1104 1077/1172/1104
f 1060/1145/1105 1059/1143/1105 1090/1171/1105 1091/1173/1105
f 1047/1146/1106 1046/1144/1106 1077/1172/1106 1078/1174/1106
f 1061/1147/1107 1060/1145/1107 1091/1173/1107 1092/1175/1107
f 1048/1148/1108 1047/1146/1108 1078/1174/1108 1079/1176/1108
f 1062/1149/1109 1061/1147/1109 1092/1175/1109 1093/1177/1109
f 1049/1150/1110 1048/1148/1110 1079/1176/1110 1080/1178/1110
f 1063/1151/1111 1062/1149/1111 1093/1177/1111 1094/1179/1111
f 1050/1152/1112 1049/1150/1112 1080/1178/1112 1081/1180/1112
f 1064/1153/1113 1063/1151/1113 1094/1179/1113 1095/1181/1113
f 1051/1121/1114 1050/1152/1114 1081/1180/1114 1082/1182/1114
f 1065/1123/1115 1064/1153/1115 1095/1181/1115 1096/1183/1115
f 1052/1122/1116 1051/1121/1116 1082/1182/1116 1083/1184/1116
f 1066/1124/1117 1065/1123/1117 1096/1183/1117 1097/1185/1117
f 1053/1125/1118 1052/1122/1118 1083/1184/1118 1084/1154/1118
f 1040/1127/1119 1039/1186/1119 1071/1156/1119
f 1067/1128/1120 1066/1124/1120 1097/1185/1120 1098/1158/1120
f 1087/1163/1121 1086/1160/1121 1117/1187/1121 1118/1188/1121
f 1074/1164/1122 1073/1161/1122 1104/1189/1122 1105/1190/1122
f 1101/1165/1123 1100/1162/1123 1131/1191/1123 1132/1192/1123
f 1088/1166/1124 1087/1163/1124 1118/1188/1124 1119/1193/1124
f 1075/1167/1125 1074/1164/1125 1105/1190/1125 1106/1194/1125
f 1226/1195/1126 1101/1165/1126 1132/1192/1126
f 1089/1169/1127 1088/1166/1127 1119/1193/1127 1120/1196/1127
f 1076/1170/1128 1075/1167/1128 1106/1194/1128 1107/1197/1128
f 1090/1171/1129 1089/1169/1129 1120/1196/1129 1121/1198/1129
f 1077/1172/1130 1076/1170/1130 1107/1197/1130 1108/1199/1130
f 1091/1173/1131 1090/1171/1131 1121/1198/1131 1122/1200/1131
f 1078/1174/1132 1077/1172/1132 1108/1199/1132 1109/1201/1132
f 1092/1175/1133 1091/1173/1133 1122/1200/1133 1123/1202/1133
f 1079/1176/1134 1078/1174/1134 1109/1201/1134 1110/1203/1134
f 1093/1177/1135 1092/1175/1135 1123/1202/1135 1124/1204/1135
f 1080/1178/1136 1079/1176/1136 1110/1203/1136 1111/1205/1136
f 1094/1179/1137 1093/1177/1137 1124/1204/1137 1125/1206/1137
f 1081/1180/1138 1080/1178/1138 1111/1205/1138 1112/1207/1138
f 1095/1181/1139 1094/1179/1139 1125/1206/1139 1126/1208/1139
f 1082/1182/1140 1081/1180/1140 1112/1207/1140 1113/1209/1140
f 1096/1183/1141 1095/1181/1141 1126/1208/1141 1127/1210/1141
f 1083/1184/1142 1082/1182/1142 1113/1209/1142 1114/1211/1142
f 1097/1185/1143 1096/1183/1143 1127/1210/1143 1128/1212/1143
f 1084/1154/1144 1083/1184/1144 1114/1211/1144 1115/1213/1144
f 1071/1156/1145 1039/1214/1145 1102/1215/1145
f 1098/1158/1146 1097/1185/1146 1128/1212/1146 1129/1216/1146
f 1085/1155/1147 1084/1154/1147 1115/1213/1147 1116/1217/1147
f 1072/1157/1148 1071/1156/1148 1102/1215/1148 1103/1218/1148
f 1099/1159/1149 1098/1158/1149 1129/1216/1149 1130/1219/1149
f 1086/1160/1150 1085/1155/1150 1116/1217/1150 1117/1187/1150
f 1073/1161/1151 1072/1157/1151 1103/1218/1151 1104/1189/1151
f 1100/1162/1152 1099/1159/1152 1130/1219/1152 1131/1191/1152
f 1120/1196/1153 1119/1193/1153 1150/1220/1153 1151/1221/1153
f 1107/1197/1154 1106/1194/1154 1137/1222/1154 1138/1223/1154
f 1121/1198/1155 1120/1196/1155 1151/1221/1155 1152/1224/1155
f 1108/1199/1156 1107/1197/1156 1138/1223/1156 1139/1225/1156
f 1122/1200/1157 1121/1198/1157 1152/1224/1157 1153/1226/1157
f 1109/1201/1158 1108/1199/1158 1139/1225/1158 1140/1227/1158
f 1123/1202/1159 1122/1200/1159 1153/1226/1159 1154/1228/1159
f 1110/1203/1160 1109/1201/1160 1140/1227/1160 1141/1229/1160
f 1124/1204/1161 1123/1202/1161 1154/1228/1161 1155/1230/1161
f 1111/1205/1162 1110/1203/1162 1141/1229/1162 1142/1231/1162
f 1125/1206/1163 1124/1204/1163 1155/1230/1163 1156/1232/1163
f 1112/1207/1164 1111/1205/1164 1142/1231/1164 1143/1233/1164
f 1126/1208/1165 1125/1206/1165 1156/1232/1165 1157/1234/1165
f 1113/1209/1166 1112/1207/1166 1143/1233/1166 1144/1235/1166
f 1127/1210/1167 1126/1208/1167 1157/1234/1167 1158/1236/1167
f 1114/1211/1168 1113/1209/1168 1144/1235/1168 1145/1237/1168
f 1128/1212/1169 1127/1210/1169 1158/1236/1169 1159/1238/1169
f 1115/1213/1170 1114/1211/1170 1145/1237/1170 1146/1239/1170
f 1102/1215/1171 1039/1240/1171 1133/1241/1171
f 1129/1216/1172 1128/1212/1172 1159/1238/1172 1160/1242/1172
f 1116/1217/1173 1115/1213/1173 1146/1239/1173 1147/1243/1173
f 1103/1218/1174 1102/1215/1174 1133/1241/1174 1134/1244/1174
f 1130/1219/1175 1129/1216/1175 1160/1242/1175 1161/1245/1175
f 1117/1187/1176 1116/1217/1176 1147/1243/1176 1148/1246/1176
f 1104/1189/1177 1103/1218/1177 1134/1244/1177 1135/1247/1177
f 1131/1191/1178 1130/1219/1178 1161/1245/1178 1162/1248/1178
f 1118/1188/1179 1117/1187/1179 1148/1246/1179 1149/1249/1179
f 1105/1190/1180 1104/1189/1180 1135/1247/1180 1136/1250/1180
f 1132/1192/1181 1131/1191/1181 1162/1248/1181 1163/1251/1181
f 1119/1193/1182 1118/1188/1182 1149/1249/1182 1150/1220/1182
f 1106/1194/1183 1105/1190/1183 1136/1250/1183 1137/1222/1183
f 1226/1252/1184 1132/1192/1184 1163/1251/1184
f 1153/1226/1185 1152/1224/1185 1183/1253/1185 1184/1254/1185
f 1140/1227/1186 1139/1225/1186 1170/1255/1186 1171/1256/1186
f 1154/1228/1187 1153/1226/1187 1184/1254/1187 1185/1257/1187
f 1141/1229/1188 1140/1227/1188 1171/1256/1188 1172/1258/1188
f 1155/1230/1189 1154/1228/1189 1185/1257/1189 1186/1259/1189
f 1142/1231/1190 1141/1229/1190 1172/1258/1190 1173/1260/1190
f 1156/1232/1191 1155/1230/1191 1186/1259/1191 1187/1261/1191
f 1143/1233/1192 1142/1231/1192 1173/1260/1192 1174/1262/1192
f 1157/1234/1193 1156/1232/1193 1187/1261/1193 1188/1263/1193
f 1144/1235/1194 1143/1233/1194 1174/1262/1194 1175/1264/1194
f 1158/1236/1195 1157/1234/1195 1188/1263/1195 1189/1265/1195
f 1145/1237/1196 1144/1235/1196 1175/1264/1196 1176/1266/1196
f 1159/1238/1197 1158/1236/1197 1189/1265/1197 1190/1267/1197
f 1146/1239/1198 1145/1237/1198 1176/1266/1198 1177/1268/1198
f 1133/1241/1199 1039/1269/1199 1164/1270/1199
f 1160/1242/1200 1159/1238/1200 1190/1267/1200 1191/1271/1200
f 1147/1243/1201 1146/1239/1201 1177/1268/1201 1178/1272/1201
f 1134/1244/1202 1133/1241/1202 1164/1270/1202 1165/1273/1202
f 1161/1245/1203 1160/1242/1203 1191/1271/1203 1192/1274/1203
f 1148/1246/1204 1147/1243/1204 1178/1272/1204 1179/1275/1204
f 1135/1247/1205 1134/1244/1205 1165/1273/1205 1166/1276/1205
f 1162/1248/1206 1161/1245/1206 1192/1274/1206 1193/1277/1206
f 1149/1249/1207 1148/1246/1207 1179/1275/1207 1180/1278/1207
f 1136/1250/1208 1135/1247/1208 1166/1276/1208 1167/1279/1208
f 1163/1251/1209 1162/1248/1209 1193/1277/1209 1194/1280/1209
f 1150/1220/1210 1149/1249/1210 1180/1278/1210 1181/1281/1210
f 1137/1222/1211 1136/1250/1211 1167/1279/1211 1168/1282/1211
f 1226/1283/1212 1163/1251/1212 1194/1280/1212
f 1151/1221/1213 1150/1220/1213 1181/1281/1213 1182/1284/1213
f 1138/1223/1214 1137/1222/1214 1168/1282/1214 1169/1285/1214
f 1152/1224/1215 1151/1221/1215 1182/1284/1215 1183/1253/1215
f 1139/1225/1216 1138/1223/1216 1169/1285/1216 1170/1255/1216
f 1186/1259/1217 1185/1257/1217 1216/1286/1217 1217/1287/1217
f 1173/1260/1218 1172/1258/1218 1203/1288/1218 1204/1289/1218
f 1187/1261/1219 1186/1259/1219 1217/1287/1219 1218/1290/1219
f 1174/1262/1220 1173/1260/1220 1204/1289/1220 1205/1291/1220
f 1188/1263/1221 1187/1261/1221 1218/1290/1221 1219/1292/1221
f 1175/1264/1222 1174/1262/1222 1205/1291/1222 1206/1293/1222
f 1189/1265/1223 1188/1263/1223 1219/1292/1223 1220/1294/1223
f 1176/1266/1224 1175/1264/1224 1206/1293/1224 1207/1295/1224
f 1190/1267/1225 1189/1265/1225 1220/1294/1225 1221/1296/1225
f 1177/1268/1226 1176/1266/1226 1207/1295/1226 1208/1297/1226
f 1164/1270/1227 1039/1298/1227 1195/1299/1227
f 1191/1271/1228 1190/1267/1228 1221/1296/1228 1222/1300/1228
f 1178/1272/1229 1177/1268/1229 1208/1297/1229 1209/1301/1229
f 1165/1273/1230 1164/1270/1230 1195/1299/1230 1196/1302/1230
f 1192/1274/1231 1191/1271/1231 1222/1300/1231 1223/1303/1231
f 1179/1275/1232 1178/1272/1232 1209/1301/1232 1210/1304/1232
f 1166/1276/1233 1165/1273/1233 1196/1302/1233 1197/1305/1233
f 1193/1277/1234 1192/1274/1234 1223/1303/1234 1224/1306/1234
f 1180/1278/1235 1179/1275/1235 1210/1304/1235 1211/1307/1235
f 1167/1279/1236 1166/1276/1236 1197/1305/1236 1198/1308/1236
f 1194/1280/1237 1193/1277/1237 1224/1306/1237 1225/1309/1237
f 1181/1281/1238 1180/1278/1238 1211/1307/1238 1212/1310/1238
f 1168/1282/1239 1167/1279/1239 1198/1308/1239 1199/1311/1239
f 1226/1312/1240 1194/1280/1240 1225/1309/1240
f 1182/1284/1241 1181/1281/1241 1212/1310/1241 1213/1313/1241
f 1169/1285/1242 1168/1282/1242 1199/1311/1242 1200/1314/1242
f 1183/1253/1243 1182/1284/1243 1213/1313/1243 1214/1315/1243
f 1170/1255/1244 1169/1285/1244 1200/1314/1244 1201/1316/1244
f 1184/1254/1245 1183/1253/1245 1214/1315/1245 1215/1317/1245
f 1171/1256/1246 1170/1255/1246 1201/1316/1246 1202/1318/1246
f 1185/1257/1247 1184/1254/1247 1215/1317/1247 1216/1286/1247
f 1172/1258/1248 1171/1256/1248 1202/1318/1248 1203/1288/1248
f 1219/1292/1249 1218/1290/1249 1250/1319/1249 1251/1320/1249
f 1206/1293/1250 1205/1291/1250 1237/1321/1250 1238/1322/1250
f 1220/1294/1251 1219/1292/1251 1251/1320/1251 1252/1323/1251
f 1207/1295/1252 1206/1293/1252 1238/1322/1252 1239/1324/1252
f 1221/1296/1253 1220/1294/1253 1252/1323/1253 1253/1325/1253
f 1208/1297/1254 1207/1295/1254 1239/1324/1254 1240/1326/1254
f 1195/1299/1255 1039/1327/1255 1227/1328/1255
f 1222/1300/1256 1221/1296/1256 1253/1325/1256 1254/1329/1256
f 1209/1301/1257 1208/1297/1257 1240/1326/1257 1241/1330/1257
f 1196/1302/1258 1195/1299/1258 1227/1328/1258 1228/1331/1258
f 1223/1303/1259 1222/1300/1259 1254/1329/1259 1255/1332/1259
f 1210/1304/1260 1209/1301/1260 1241/1330/1260 1242/1333/1260
f 1197/1305/1261 1196/1302/1261 1228/1331/1261 1229/1334/1261
f 1224/1306/1262 1223/1303/1262 1255/1332/1262 1256/1335/1262
f 1211/1307/1263 1210/1304/1263 1242/1333/1263 1243/1336/1263
f 1198/1308/1264 1197/1305/1264 1229/1334/1264 1230/1337/1264
f 1225/1309/1265 1224/1306/1265 1256/1335/1265 1257/1338/1265
f 1212/1310/1266 1211/1307/1266 1243/1336/1266 1244/1339/1266
f 1199/1311/1267 1198/1308/1267 1230/1337/1267 1231/1340/1267
f 1226/1341/1268 1225/1309/1268 1257/1338/1268
f 1213/1313/1269 1212/1310/1269 1244/1339/1269 1245/1342/1269
f 1200/1314/1270 1199/1311/1270 1231/1340/1270 1232/1343/1270
f 1214/1315/1271 1213/1313/1271 1245/1342/1271 1246/1344/1271
f 1201/1316/1272 1200/1314/1272 1232/1343/1272 1233/1345/1272
f 1215/1317/1273 1214/1315/1273 1246/1344/1273 1247/1346/1273
f 1202/1318/1274 1201/1316/1274 1233/1345/1274 1234/1347/1274
f 1216/1286/1275 1215/1317/1275 1247/1346/1275 1248/1348/1275
f 1203/1288/1276 1202/1318/1276 1234/1347/1276 1235/1349/1276
f 1217/1287/1277 1216/1286/1277 1248/1348/1277 1249/1350/1277
f 1204/1289/1278 1203/1288/1278 1235/1349/1278 1236/1351/1278
f 1218/1290/1279 1217/1287/1279 1249/1350/1279 1250/1319/1279
f 1205/1291/1280 1204/1289/1280 1236/1351/1280 1237/1321/1280
f 1253/1325/1281 1252/1323/1281 1283/1352/1281 1284/1353/1281
f 1240/1326/1282 1239/1324/1282 1270/1354/1282 1271/1355/1282
f 1227/1328/1283 1039/1356/1283 1258/1357/1283
f 1254/1329/1284 1253/1325/1284 1284/1353/1284 1285/1358/1284
f 1241/1330/1285 1240/1326/1285 1271/1355/1285 1272/1359/1285
f 1228/1331/1286 1227/1328/1286 1258/1357/1286 1259/1360/1286
f 1255/1332/1287 1254/1329/1287 1285/1358/1287 1286/1361/1287
f 1242/1333/1288 1241/1330/1288 1272/1359/1288 1273/1362/1288
f 1229/1334/1289 1228/1331/1289 1259/1360/1289 1260/1363/1289
f 1256/1335/1290 1255/1332/1290 1286/1361/1290 1287/1364/1290
f 1243/1336/1291 1242/1333/1291 1273/1362/1291 1274/1365/1291
f 1230/1337/1292 1229/1334/1292 1260/1363/1292 1261/1366/1292
f 1257/1338/1293 1256/1335/1293 1287/1364/1293 1288/1367/1293
f 1244/1339/1294 1243/1336/1294 1274/1365/1294 1275/1368/1294
f 1231/1340/1295 1230/1337/1295 1261/1366/1295 1262/1369/1295
f 1226/1370/1296 1257/1338/1296 1288/1367/1296
f 1245/1342/1297 1244/1339/1297 1275/1368/1297 1276/1371/1297
f 1232/1343/1298 1231/1340/1298 1262/1369/1298 1263/1372/1298
f 1246/1344/1299 1245/1342/1299 1276/1371/1299 1277/1373/1299
f 1233/1345/1300 1232/1343/1300 1263/1372/1300 1264/1374/1300
f 1247/1346/1301 1246/1344/1301 1277/1373/1301 1278/1375/1301
f 1234/1347/1302 1233/1345/1302 1264/1374/1302 1265/1376/1302
f 1248/1348/1303 1247/1346/1303 1278/1375/1303 1279/1377/1303
f 1235/1349/1304 1234/1347/1304 1265/1376/1304 1266/1378/1304
f 1249/1350/1305 1248/1348/1305 1279/1377/1305 1280/1379/1305
f 1236/1351/1306 1235/1349/1306 1266/1378/1306 1267/1380/1306
f 1250/1319/1307 1249/1350/1307 1280/1379/1307 1281/1381/1307
f 1237/1321/1308 1236/1351/1308 1267/1380/1308 1268/1382/1308
f 1251/1320/1309 1250/1319/1309 1281/1381/1309 1282/1383/1309
f 1238/1322/1310 1237/1321/1310 1268/1382/1310 1269/1384/1310
f 1252/1323/1311 1251/1320/1311 1282/1383/1311 1283/1352/1311
f 1239/1324/1312 1238/1322/1312 1269/1384/1312 1270/1354/1312
f 1259/1360/1313 1258/1357/1313 1289/1385/1313 1290/1386/1313
f 1286/1361/1314 1285/1358/1314 1316/1387/1314 1317/1388/1314
f 1273/1362/1315 1272/1359/1315 1303/1389/1315 1304/1390/1315
f 1260/1363/1316 1259/1360/1316 1290/1386/1316 1291/1391/1316
f 1287/1364/1317 1286/1361/1317 1317/1388/1317 1318/1392/1317
f 1274/1365/1318 1273/1362/1318 1304/1390/1318 1305/1393/1318
f 1261/1366/1319 1260/1363/1319 1291/1391/1319 1292/1394/1319
f 1288/1367/1320 1287/1364/1320 1318/1392/1320 1319/1395/1320
f 1275/1368/1321 1274/1365/1321 1305/1393/1321 1306/1396/1321
f 1262/1369/1322 1261/1366/1322 1292/1394/1322 1293/1397/1322
f 1226/1398/1323 1288/1367/1323 1319/1395/1323
f 1276/1371/1324 1275/1368/1324 1306/1396/1324 1307/1399/1324
f 1263/1372/1325 1262/1369/1325 1293/1397/1325 1294/1400/1325
f 1277/1373/1326 1276/1371/1326 1307/1399/1326 1308/1401/1326
f 1264/1374/1327 1263/1372/1327 1294/1400/1327 1295/1402/1327
f 1278/1375/1328 1277/1373/1328 1308/1401/1328 1309/1403/1328
f 1265/1376/1329 1264/1374/1329 1295/1402/1329 1296/1404/1329
f 1279/1377/1330 1278/1375/1330 1309/1403/1330 1310/1405/1330
f 1266/1378/1331 1265/1376/1331 1296/1404/1331 1297/1406/1331
f 1280/1379/1332 1279/1377/1332 1310/1405/1332 1311/1407/1332
f 1267/1380/1333 1266/1378/1333 1297/1406/1333 1298/1408/1333
f 1281/1381/1334 1280/1379/1334 1311/1407/1334 1312/1409/1334
f 1268/1382/1335 1267/1380/1335 1298/1408/1335 1299/1410/1335
f 1282/1383/1336 1281/1381/1336 1312/1409/1336 1313/1411/1336
f 1269/1384/1337 1268/1382/1337 1299/1410/1337 1300/1412/1337
f 1283/1352/1338 1282/1383/1338 1313/1411/1338 1314/1413/1338
f 1270/1354/1339 1269/1384/1339 1300/1412/1339 1301/1414/1339
f 1284/1353/1340 1283/1352/1340 1314/1413/1340 1315/1415/1340
f 1271/1355/1341 1270/1354/1341 1301/1414/1341 1302/1416/1341
f 1258/1357/1342 1039/1417/1342 1289/1385/1342
f 1285/1358/1343 1284/1353/1343 1315/1415/1343 1316/1387/1343
f 1272/1359/1344 1271/1355/1344 1302/1416/1344 1303/1389/1344
f 1292/1394/1345 1291/1391/1345 1322/1418/1345 1323/1419/1345
f 1319/1395/1346 1318/1392/1346 1349/1420/1346 1350/1421/1346
f 1306/1396/1347 1305/1393/1347 1336/1422/1347 1337/1423/1347
f 1293/1397/1348 1292/1394/1348 1323/1419/1348 1324/1424/1348
f 1226/1425/1349 1319/1395/1349 1350/1421/1349
f 1307/1399/1350 1306/1396/1350 1337/1423/1350 1338/1426/1350
f 1294/1400/1351 1293/1397/1351 1324/1424/1351 1325/1427/1351
f 1308/1401/1352 1307/1399/1352 1338/1426/1352 1339/1428/1352
f 1295/1402/1353 1294/1400/1353 1325/1427/1353 1326/1429/1353
f 1309/1403/1354 1308/1401/1354 1339/1428/1354 1340/1430/1354
f 1296/1404/1355 1295/1402/1355 1326/1429/1355 1327/1431/1355
f 1310/1405/1356 1309/1403/1356 1340/1430/1356 1341/1432/1356
f 1297/1406/1357 1296/1404/1357 1327/1431/1357 1328/1433/1357
f 1311/1407/1358 1310/1405/1358 1341/1432/1358 1342/1434/1358
f 1298/1408/1359 1297/1406/1359 1328/1433/1359 1329/1435/1359
f 1312/1409/1360 1311/1407/1360 1342/1434/1360 1343/1436/1360
f 1299/1410/1361 1298/1408/1361 1329/1435/1361 1330/1437/1361
f 1313/1411/1362 1312/1409/1362 1343/1436/1362 1344/1438/1362
f 1300/1412/1363 1299/1410/1363 1330/1437/1363 1331/1439/1363
f 1314/1413/1364 1313/1411/1364 1344/1438/1364 1345/1440/1364
f 1301/1414/1365 1300/1412/1365 1331/1439/1365 1332/1441/1365
f 1315/1415/1366 1314/1413/1366 1345/1440/1366 1346/1442/1366
f 1302/1416/1367 1301/1414/1367 1332/1441/1367 1333/1443/1367
f 1289/1385/1368 1039/1444/1368 1320/1445/1368
f 1316/1387/1369 1315/1415/1369 1346/1442/1369 1347/1446/1369
f 1303/1389/1370 1302/1416/1370 1333/1443/1370 1334/1447/1370
f 1290/1386/1371 1289/1385/1371 1320/1445/1371 1321/1448/1371
f 1317/1388/1372 1316/1387/1372 1347/1446/1372 1348/1449/1372
f 1304/1390/1373 1303/1389/1373 1334/1447/1373 1335/1450/1373
f 1291/1391/1374 1290/1386/1374 1321/1448/1374 1322/1418/1374
f 1318/1392/1375 1317/1388/1375 1348/1449/1375 1349/1420/1375
f 1305/1393/1376 1304/1390/1376 1335/1450/1376 1336/1422/1376
f 1325/1427/1377 1324/1424/1377 1355/1451/1377 1356/1452/1377
f 1339/1428/1378 1338/1426/1378 1369/1453/1378 1370/1454/1378
f 1326/1429/1379 1325/1427/1379 1356/1452/1379 1357/1455/1379
f 1340/1430/1380 1339/1428/1380 1370/1454/1380 1371/1456/1380
f 1327/1431/1381 1326/1429/1381 1357/1455/1381 1358/1457/1381
f 1341/1432/1382 1340/1430/1382 1371/1456/1382 1372/1458/1382
f 1328/1433/1383 1327/1431/1383 1358/1457/1383 1359/1459/1383
f 1342/1434/1384 1341/1432/1384 1372/1458/1384 1373/1460/1384
f 1329/1435/1385 1328/1433/1385 1359/1459/1385 1360/1461/1385
f 1343/1436/1386 1342/1434/1386 1373/1460/1386 1374/1462/1386
f 1330/1437/1387 1329/1435/1387 1360/1461/1387 1361/1463/1387
f 1344/1438/1388 1343/1436/1388 1374/1462/1388 1375/1464/1388
f 1331/1439/1389 1330/1437/1389 1361/1463/1389 1362/1465/1389
f 1345/1440/1390 1344/1438/1390 1375/1464/1390 1376/1466/1390
f 1332/1441/1391 1331/1439/1391 1362/1465/1391 1363/1467/1391
f 1346/1442/1392 1345/1440/1392 1376/1466/1392 1377/1468/1392
f 1333/1443/1393 1332/1441/1393 1363/1467/1393 1364/1469/1393
f 1320/1445/1394 1039/1470/1394 1351/1471/1394
f 1347/1446/1395 1346/1442/1395 1377/1468/1395 1378/1472/1395
f 1334/1447/1396 1333/1443/1396 1364/1469/1396 1365/1473/1396
f 1321/1448/1397 1320/1445/1397 1351/1471/1397 1352/1474/1397
f 1348/1449/1398 1347/1446/1398 1378/1472/1398 1379/1475/1398
f 1335/1450/1399 1334/1447/1399 1365/1473/1399 1366/1476/1399
f 1322/1418/1400 1321/1448/1400 1352/1474/1400 1353/1477/1400
f 1349/1420/1401 1348/1449/1401 1379/1475/1401 1380/1478/1401
f 1336/1422/1402 1335/1450/1402 1366/1476/1402 1367/1479/1402
f 1323/1419/1403 1322/1418/1403 1353/1477/1403 1354/1480/1403
f 1350/1421/1404 1349/1420/1404 1380/1478/1404 1381/1481/1404
f 1337/1423/1405 1336/1422/1405 1367/1479/1405 1368/1482/1405
f 1324/1424/1406 1323/1419/1406 1354/1480/1406 1355/1451/1406
f 1226/1483/1407 1350/1421/1407 1381/1481/1407
f 1338/1426/1408 1337/1423/1408 1368/1482/1408 1369/1453/1408
f 1358/1457/1409 1357/1455/1409 1388/1484/1409 1389/1485/1409
f 1372/1458/1410 1371/1456/1410 1402/1486/1410 1403/1487/1410
f 1359/1459/1411 1358/1457/1411 1389/1485/1411 1390/1488/1411
f 1373/1460/1412 1372/1458/1412 1403/1487/1412 1404/1489/1412
f 1360/1461/1413 1359/1459/1413 1390/1488/1413 1391/1490/1413
f 1374/1462/1414 1373/1460/1414 1404/1489/1414 1405/1491/1414
f 1361/1463/1415 1360/1461/1415 1391/1490/1415 1392/1492/1415
f 1375/1464/1416 1374/1462/1416 1405/1491/1416 1406/1493/1416
f 1362/1465/1417 1361/1463/1417 1392/1492/1417 1393/1494/1417
f 1376/1466/1418 1375/1464/1418 1406/1493/1418 1407/1495/1418
f 1363/1467/1419 1362/1465/1419 1393/1494/1419 1394/1496/1419
f 1377/1468/1420 1376/1466/1420 1407/1495/1420 1408/1497/1420
f 1364/1469/1421 1363/1467/1421 1394/1496/1421 1395/1498/1421
f 1351/1471/1422 1039/1499/1422 1382/1500/1422
f 1378/1472/1423 1377/1468/1423 1408/1497/1423 1409/1501/1423
f 1365/1473/1424 1364/1469/1424 1395/1498/1424 1396/1502/1424
f 1352/1474/1425 1351/1471/1425 1382/1500/1425 1383/1503/1425
f 1379/1475/1426 1378/1472/1426 1409/1501/1426 1410/1504/1426
f 1366/1476/1427 1365/1473/1427 1396/1502/1427 1397/1505/1427
f 1353/1477/1428 1352/1474/1428 1383/1503/1428 1384/1506/1428
f 1380/1478/1429 1379/1475/1429 1410/1504/1429 1411/1507/1429
f 1367/1479/1430 1366/1476/1430 1397/1505/1430 1398/1508/1430
f 1354/1480/1431 1353/1477/1431 1384/1506/1431 1385/1509/1431
f 1381/1481/1432 1380/1478/1432 1411/1507/1432 1412/1510/1432
f 1368/1482/1433 1367/1479/1433 1398/1508/1433 1399/1511/1433
f 1355/1451/1434 1354/1480/1434 1385/1509/1434 1386/1512/1434
f 1226/1513/1435 1381/1481/1435 1412/1510/1435
f 1369/1453/1436 1368/1482/1436 1399/1511/1436 1400/1514/1436
f 1356/1452/1437 1355/1451/1437 1386/1512/1437 1387/1515/1437
f 1370/1454/1438 1369/1453/1438 1400/1514/1438 1401/1516/1438
f 1357/1455/1439 1356/1452/1439 1387/1515/1439 1388/1484/1439
f 1371/1456/1440 1370/1454/1440 1401/1516/1440 1402/1486/1440
f 1391/1490/1441 1390/1488/1441 1421/1517/1441 1422/1518/1441
f 1405/1491/1442 1404/1489/1442 1435/1519/1442 1436/1520/1442
f 1392/1492/1443 1391/1490/1443 1422/1518/1443 1423/1521/1443
f 1406/1493/1444 1405/1491/1444 1436/1520/1444 1437/1522/1444
f 1393/1494/1445 1392/1492/1445 1423/1521/1445 1424/1523/1445
f 1407/1495/1446 1406/1493/1446 1437/1522/1446 1438/1524/1446
f 1394/1496/1447 1393/1494/1447 1424/1523/1447 1425/1525/1447
f 1408/1497/1448 1407/1495/1448 1438/1524/1448 1439/1526/1448
f 1395/1498/1449 1394/1496/1449 1425/1525/1449 1426/1527/1449
f 1382/1500/1450 1039/1528/1450 1413/1529/1450
f 1409/1501/1451 1408/1497/1451 1439/1526/1451 1440/1530/1451
f 1396/1502/1452 1395/1498/1452 1426/1527/1452 1427/1531/1452
f 1383/1503/1453 1382/1500/1453 1413/1529/1453 1414/1532/1453
f 1410/1504/1454 1409/1501/1454 1440/1530/1454 1441/1533/1454
f 1397/1505/1455 1396/1502/1455 1427/1531/1455 1428/1534/1455
f 1384/1506/1456 1383/1503/1456 1414/1532/1456 1415/1535/1456
f 1411/1507/1457 1410/1504/1457 1441/1533/1457 1442/1536/1457
f 1398/1508/1458 1397/1505/1458 1428/1534/1458 1429/1537/1458
f 1385/1509/1459 1384/1506/1459 1415/1535/1459 1416/1538/1459
f 1412/1510/1460 1411/1507/1460 1442/1536/1460 1443/1539/1460
f 1399/1511/1461 1398/1508/1461 1429/1537/1461 1430/1540/1461
f 1386/1512/1462 1385/1509/1462 1416/1538/1462 1417/1541/1462
f 1226/1542/1463 1412/1510/1463 1443/1539/1463
f 1400/1514/1464 1399/1511/1464 1430/1540/1464 1431/1543/1464
f 1387/1515/1465 1386/1512/1465 1417/1541/1465 1418/1544/1465
f 1401/1516/1466 1400/1514/1466 1431/1543/1466 1432/1545/1466
f 1388/1484/1467 1387/1515/1467 1418/1544/1467 1419/1546/1467
f 1402/1486/1468 1401/1516/1468 1432/1545/1468 1433/1547/1468
f 1389/1485/1469 1388/1484/1469 1419/1546/1469 1420/1548/1469
f 1403/1487/1470 1402/1486/1470 1433/1547/1470 1434/1549/1470
f 1390/1488/1471 1389/1485/1471 1420/1548/1471 1421/1517/1471
f 1404/1489/1472 1403/1487/1472 1434/1549/1472 1435/1519/1472
f 1424/1523/1473 1423/1521/1473 1454/1550/1473 1455/1551/1473
f 1438/1524/1474 1437/1522/1474 1468/1552/1474 1469/1553/1474
f 1425/1525/1475 1424/1523/1475 1455/1551/1475 1456/1554/1475
f 1439/1526/1476 1438/1524/1476 1469/1553/1476 1470/1555/1476
f 1426/1527/1477 1425/1525/1477 1456/1554/1477 1457/1556/1477
f 1413/1529/1478 1039/1557/1478 1444/1558/1478
f 1440/1530/1479 1439/1526/1479 1470/1555/1479 1471/1559/1479
f 1427/1531/1480 1426/1527/1480 1457/1556/1480 1458/1560/1480
f 1414/1532/1481 1413/1529/1481 1444/1558/1481 1445/1561/1481
f 1441/1533/1482 1440/1530/1482 1471/1559/1482 1472/1562/1482
f 1428/1534/1483 1427/1531/1483 1458/1560/1483 1459/1563/1483
f 1415/1535/1484 1414/1532/1484 1445/1561/1484 1446/1564/1484
f 1442/1536/1485 1441/1533/1485 1472/1562/1485 1473/1565/1485
f 1429/1537/1486 1428/1534/1486 1459/1563/1486 1460/1566/1486
f 1416/1538/1487 1415/1535/1487 1446/1564/1487 1447/1567/1487
f 1443/1539/1488 1442/1536/1488 1473/1565/1488 1474/1568/1488
f 1430/1540/1489 1429/1537/1489 1460/1566/1489 1461/1569/1489
f 1417/1541/1490 1416/1538/1490 1447/1567/1490 1448/1570/1490
f 1226/1571/1491 1443/1539/1491 1474/1568/1491
f 1431/1543/1492 1430/1540/1492 1461/1569/1492 1462/1572/1492
f 1418/1544/1493 1417/1541/1493 1448/1570/1493 1449/1573/1493
f 1432/1545/1494 1431/1543/1494 1462/1572/1494 1463/1574/1494
f 1419/1546/1495 1418/1544/1495 1449/1573/1495 1450/1575/1495
f 1433/1547/1496 1432/1545/1496 1463/1574/1496 1464/1576/1496
f 1420/1548/1497 1419/1546/1497 1450/1575/1497 1451/1577/1497
f 1434/1549/1498 1433/1547/1498 1464/1576/1498 1465/1578/1498
f 1421/1517/1499 1420/1548/1499 1451/1577/1499 1452/1579/1499
f 1435/1519/1500 1434/1549/1500 1465/1578/1500 1466/1580/1500
f 1422/1518/1501 1421/1517/1501 1452/1579/1501 1453/1581/1501
f 1436/1520/1502 1435/1519/1502 1466/1580/1502 1467/1582/1502
f 1423/1521/1503 1422/1518/1503 1453/1581/1503 1454/1550/1503
f 1437/1522/1504 1436/1520/1504 1467/1582/1504 1468/1552/1504
f 1457/1556/1505 1456/1554/1505 1487/1583/1505 1488/1584/1505
f 1444/1558/1506 1039/1585/1506 1475/1586/1506
f 1471/1559/1507 1470/1555/1507 1501/1587/1507 1502/1588/1507
f 1458/1560/1508 1457/1556/1508 1488/1584/1508 1489/1589/1508
f 1445/1561/1509 1444/1558/1509 1475/1586/1509 1476/1590/1509
f 1472/1562/1510 1471/1559/1510 1502/1588/1510 1503/1591/1510
f 1459/1563/1511 1458/1560/1511 1489/1589/1511 1490/1592/1511
f 1446/1564/1512 1445/1561/1512 1476/1590/1512 1477/1593/1512
f 1473/1565/1513 1472/1562/1513 1503/1591/1513 1504/1594/1513
f 1460/1566/1514 1459/1563/1514 1490/1592/1514 1491/1595/1514
f 1447/1567/1515 1446/1564/1515 1477/1593/1515 1478/1596/1515
f 1474/1568/1516 1473/1565/1516 1504/1594/1516 1505/1597/1516
f 1461/1569/1517 1460/1566/1517 1491/1595/1517 1492/1598/1517
f 1448/1570/1518 1447/1567/1518 1478/1596/1518 1479/1599/1518
f 1226/1600/1519 1474/1568/1519 1505/1597/1519
f 1462/1572/1520 1461/1569/1520 1492/1598/1520 1493/1601/1520
f 1449/1573/1521 1448/1570/1521 1479/1599/1521 1480/1602/1521
f 1463/1574/1522 1462/1572/1522 1493/1601/1522 1494/1603/1522
f 1450/1575/1523 1449/1573/1523 1480/1602/1523 1481/1604/1523
f 1464/1576/1524 1463/1574/1524 1494/1603/1524 1495/1605/1524
f 1451/1577/1525 1450/1575/1525 1481/1604/1525 1482/1606/1525
f 1465/1578/1526 1464/1576/1526 1495/1605/1526 1496/1607/1526
f 1452/1579/1527 1451/1577/1527 1482/1606/1527 1483/1608/1527
f 1466/1580/1528 1465/1578/1528 1496/1607/1528 1497/1609/1528
f 1453/1581/1529 1452/1579/1529 1483/1608/1529 1484/1610/1529
f 1467/1582/1530 1466/1580/1530 1497/1609/1530 1498/1611/1530
f 1454/1550/1531 1453/1581/1531 1484/1610/1531 1485/1612/1531
f 1468/1552/1532 1467/1582/1532 1498/1611/1532 1499/1613/1532
f 1455/1551/1533 1454/1550/1533 1485/1612/1533 1486/1614/1533
f 1469/1553/1534 1468/1552/1534 1499/1613/1534 1500/1615/1534
f 1456/1554/1535 1455/1551/1535 1486/1614/1535 1487/1583/1535
f 1470/1555/1536 1469/1553/1536 1500/1615/1536 1501/1587/1536
f 1490/1616/1537 1489/1617/1537 1520/1618/1537 1521/1619/1537
f 1477/1620/1538 1476/1621/1538 1507/1622/1538 1508/1623/1538
f 1504/1624/1539 1503/1625/1539 1534/1626/1539 1535/1627/1539
f 1491/1628/1540 1490/1616/1540 1521/1619/1540 1522/1629/1540
f 1478/1630/1541 1477/1620/1541 1508/1623/1541 1509/1631/1541
f 1505/1632/1542 1504/1624/1542 1535/1627/1542 1536/1633/1542
f 1492/1634/1543 1491/1628/1543 1522/1629/1543 1523/1635/1543
f 1479/1636/1544 1478/1630/1544 1509/1631/1544 1510/1637/1544
f 1226/1638/1545 1505/1632/1545 1536/1633/1545
f 1493/1639/1546 1492/1634/1546 1523/1635/1546 1524/1640/1546
f 1480/1641/1547 1479/1636/1547 1510/1637/1547 1511/1642/1547
f 1494/1643/1548 1493/1639/1548 1524/1640/1548 1525/1644/1548
f 1481/1645/1549 1480/1641/1549 1511/1642/1549 1512/1646/1549
f 1495/1647/1550 1494/1643/1550 1525/1644/1550 1526/1648/1550
f 1482/1649/1551 1481/1645/1551 1512/1646/1551 1513/1650/1551
f 1496/1651/1552 1495/1647/1552 1526/1648/1552 1527/1652/1552
f 1483/1653/1553 1482/1649/1553 1513/1650/1553 1514/1654/1553
f 1497/1655/1554 1496/1651/1554 1527/1652/1554 1528/1656/1554
f 1484/1657/1555 1483/1653/1555 1514/1654/1555 1515/1658/1555
f 1498/1659/1556 1497/1655/1556 1528/1656/1556 1529/1660/1556
f 1485/1661/1557 1484/1657/1557 1515/1658/1557 1516/1662/1557
f 1499/1663/1558 1498/1659/1558 1529/1660/1558 1530/1664/1558
f 1486/1665/1559 1485/1661/1559 1516/1662/1559 1517/1666/1559
f 1500/1667/1560 1499/1663/1560 1530/1664/1560 1531/1668/1560
f 1487/1669/1561 1486/1665/1561 1517/1666/1561 1518/1670/1561
f 1501/1671/1562 1500/1667/1562 1531/1668/1562 1532/1672/1562
f 1488/1673/1563 1487/1669/1563 1518/1670/1563 1519/1674/1563
f 1475/1675/1564 1039/1676/1564 1506/1677/1564
f 1502/1678/1565 1501/1671/1565 1532/1672/1565 1533/1679/1565
f 1489/1617/1566 1488/1673/1566 1519/1674/1566 1520/1618/1566
f 1476/1621/1567 1475/1675/1567 1506/1677/1567 1507/1622/1567
f 1503/1625/1568 1502/1678/1568 1533/1679/1568 1534/1626/1568
f 1523/1635/1569 1522/1629/1569 1553/1680/1569 1554/1681/1569
f 1510/1637/1570 1509/1631/1570 1540/1682/1570 1541/1683/1570
f 1226/1684/1571 1536/1633/1571 1567/1685/1571
f 1524/1640/1572 1523/1635/1572 1554/1681/1572 1555/1686/1572
f 1511/1642/1573 1510/1637/1573 1541/1683/1573 1542/1687/1573
f 1525/1644/1574 1524/1640/1574 1555/1686/1574 1556/1688/1574
f 1512/1646/1575 1511/1642/1575 1542/1687/1575 1543/1689/1575
f 1526/1648/1576 1525/1644/1576 1556/1688/1576 1557/1690/1576
f 1513/1650/1577 1512/1646/1577 1543/1689/1577 1544/1691/1577
f 1527/1652/1578 1526/1648/1578 1557/1690/1578 1558/1692/1578
f 1514/1654/1579 1513/1650/1579 1544/1691/1579 1545/1693/1579
f 1528/1656/1580 1527/1652/1580 1558/1692/1580 1559/1694/1580
f 1515/1658/1581 1514/1654/1581 1545/1693/1581 1546/1695/1581
f 1529/1660/1582 1528/1656/1582 1559/1694/1582 1560/1696/1582
f 1516/1662/1583 1515/1658/1583 1546/1695/1583 1547/1697/1583
f 1530/1664/1584 1529/1660/1584 1560/1696/1584 1561/1698/1584
f 1517/1666/1585 1516/1662/1585 1547/1697/1585 1548/1699/1585
f 1531/1668/1586 1530/1664/1586 1561/1698/1586 1562/1700/1586
f 1518/1670/1587 1517/1666/1587 1548/1699/1587 1549/1701/1587
f 1532/1672/1588 1531/1668/1588 1562/1700/1588 1563/1702/1588
f 1519/1674/1589 1518/1670/1589 1549/1701/1589 1550/1703/1589
f 1506/1677/1590 1039/1704/1590 1537/1705/1590
f 1533/1679/1591 1532/1672/1591 1563/1702/1591 1564/1706/1591
f 1520/1618/1592 1519/1674/1592 1550/1703/1592 1551/1707/1592
f 1507/1622/1593 1506/1677/1593 1537/1705/1593 1538/1708/1593
f 1534/1626/1594 1533/1679/1594 1564/1706/1594 1565/1709/1594
f 1521/1619/1595 1520/1618/1595 1551/1707/1595 1552/1710/1595
f 1508/1623/1596 1507/1622/1596 1538/1708/1596 1539/1711/1596
f 1535/1627/1597 1534/1626/1597 1565/1709/1597 1566/1712/1597
f 1522/1629/1598 1521/1619/1598 1552/1710/1598 1553/1680/1598
f 1509/1631/1599 1508/1623/1599 1539/1711/1599 1540/1682/1599
f 1536/1633/1600 1535/1627/1600 1566/1712/1600 1567/1685/1600
f 1556/1688/1601 1555/1686/1601 1586/1713/1601 1587/1714/1601
f 1543/1689/1602 1542/1687/1602 1573/1715/1602 1574/1716/1602
f 1557/1690/1603 1556/1688/1603 1587/1714/1603 1588/1717/1603
f 1544/1691/1604 1543/1689/1604 1574/1716/1604 1575/1718/1604
f 1558/1692/1605 1557/1690/1605 1588/1717/1605 1589/1719/1605
f 1545/1693/1606 1544/1691/1606 1575/1718/1606 1576/1720/1606
f 1559/1694/1607 1558/1692/1607 1589/1719/1607 1590/1721/1607
f 1546/1695/1608 1545/1693/1608 1576/1720/1608 1577/1722/1608
f 1560/1696/1609 1559/1694/1609 1590/1721/1609 1591/1723/1609
f 1547/1697/1610 1546/1695/1610 1577/1722/1610 1578/1724/1610
f 1561/1698/1611 1560/1696/1611 1591/1723/1611 1592/1725/1611
f 1548/1699/1612 1547/1697/1612 1578/1724/1612 1579/1726/1612
f 1562/1700/1613 1561/1698/1613 1592/1725/1613 1593/1727/1613
f 1549/1701/1614 1548/1699/1614 1579/1726/1614 1580/1728/1614
f 1563/1702/1615 1562/1700/1615 1593/1727/1615 1594/1729/1615
f 1550/1703/1616 1549/1701/1616 1580/1728/1616 1581/1730/1616
f 1537/1705/1617 1039/1731/1617 1568/1732/1617
f 1564/1706/1618 1563/1702/1618 1594/1729/1618 1595/1733/1618
f 1551/1707/1619 1550/1703/1619 1581/1730/1619 1582/1734/1619
f 1538/1708/1620 1537/1705/1620 1568/1732/1620 1569/1735/1620
f 1565/1709/1621 1564/1706/1621 1595/1733/1621 1596/1736/1621
f 1552/1710/1622 1551/1707/1622 1582/1734/1622 1583/1737/1622
f 1539/1711/1623 1538/1708/1623 1569/1735/1623 1570/1738/1623
f 1566/1712/1624 1565/1709/1624 1596/1736/1624 1597/1739/1624
f 1553/1680/1625 1552/1710/1625 1583/1737/1625 1584/1740/1625
f 1540/1682/1626 1539/1711/1626 1570/1738/1626 1571/1741/1626
f 1567/1685/1627 1566/1712/1627 1597/1739/1627 1598/1742/1627
f 1554/1681/1628 1553/1680/1628 1584/1740/1628 1585/1743/1628
f 1541/1683/1629 1540/1682/1629 1571/1741/1629 1572/1744/1629
f 1226/1745/1630 1567/1685/1630 1598/1742/1630
f 1555/1686/1631 1554/1681/1631 1585/1743/1631 1586/1713/1631
f 1542/1687/1632 1541/1683/1632 1572/1744/1632 1573/1715/1632
f 1575/1718/1633 1574/1716/1633 1605/1746/1633 1606/1747/1633
f 1589/1719/1634 1588/1717/1634 1619/1748/1634 1620/1749/1634
f 1576/1720/1635 1575/1718/1635 1606/1747/1635 1607/1750/1635
f 1590/1721/1636 1589/1719/1636 1620/1749/1636 1621/1751/1636
f 1577/1722/1637 1576/1720/1637 1607/1750/1637 1608/1752/1637
f 1591/1723/1638 1590/1721/1638 1621/1751/1638 1622/1753/1638
f 1578/1724/1639 1577/1722/1639 1608/1752/1639 1609/1754/1639
f 1592/1725/1640 1591/1723/1640 1622/1753/1640 1623/1755/1640
f 1579/1726/1641 1578/1724/1641 1609/1754/1641 1610/1756/1641
f 1593/1727/1642 1592/1725/1642 1623/1755/1642 1624/1757/1642
f 1580/1728/1643 1579/1726/1643 1610/1756/1643 1611/1758/1643
f 1594/1729/1644 1593/1727/1644 1624/1757/1644 1625/1759/1644
f 1581/1730/1645 1580/1728/1645 1611/1758/1645 1612/1760/1645
f 1568/1732/1646 1039/1761/1646 1599/1762/1646
f 1595/1733/1647 1594/1729/1647 1625/1759/1647 1626/1763/1647
f 1582/1734/1648 1581/1730/1648 1612/1760/1648 1613/1764/1648
f 1569/1735/1649 1568/1732/1649 1599/1762/1649 1600/1765/1649
f 1596/1736/1650 1595/1733/1650 1626/1763/1650 1627/1766/1650
f 1583/1737/1651 1582/1734/1651 1613/1764/1651 1614/1767/1651
f 1570/1738/1652 1569/1735/1652 1600/1765/1652 1601/1768/1652
f 1597/1739/1653 1596/1736/1653 1627/1766/1653 1628/1769/1653
f 1584/1740/1654 1583/1737/1654 1614/1767/1654 1615/1770/1654
f 1571/1741/1655 1570/1738/1655 1601/1768/1655 1602/1771/1655
f 1598/1742/1656 1597/1739/1656 1628/1769/1656 1629/1772/1656
f 1585/1743/1657 1584/1740/1657 1615/1770/1657 1616/1773/1657
f 1572/1744/1658 1571/1741/1658 1602/1771/1658 1603/1774/1658
f 1226/1775/1659 1598/1742/1659 1629/1772/1659
f 1586/1713/1660 1585/1743/1660 1616/1773/1660 1617/1776/1660
f 1573/1715/1661 1572/1744/1661 1603/1774/1661 1604/1777/1661
f 1587/1714/1662 1586/1713/1662 1617/1776/1662 1618/1778/1662
f 1574/1716/1663 1573/1715/1663 1604/1777/1663 1605/1746/1663
f 1588/1717/1664 1587/1714/1664 1618/1778/1664 1619/1748/1664
f 1608/1752/1665 1607/1750/1665 1638/1779/1665 1639/1780/1665
f 1622/1753/1666 1621/1751/1666 1652/1781/1666 1653/1782/1666
f 1609/1754/1667 1608/1752/1667 1639/1780/1667 1640/1783/1667
f 1623/1755/1668 1622/1753/1668 1653/1782/1668 1654/1784/1668
f 1610/1756/1669 1609/1754/1669 1640/1783/1669 1641/1785/1669
f 1624/1757/1670 1623/1755/1670 1654/1784/1670 1655/1786/1670
f 1611/1758/1671 1610/1756/1671 1641/1785/1671 1642/1787/1671
f 1625/1759/1672 1624/1757/1672 1655/1786/1672 1656/1788/1672
f 1612/1760/1673 1611/1758/1673 1642/1787/1673 1643/1789/1673
f 1599/1762/1674 1039/1790/1674 1630/1791/1674
f 1626/1763/1675 1625/1759/1675 1656/1788/1675 1657/1792/1675
f 1613/1764/1676 1612/1760/1676 1643/1789/1676 1644/1793/1676
f 1600/1765/1677 1599/1762/1677 1630/1791/1677 1631/1794/1677
f 1627/1766/1678 1626/1763/1678 1657/1792/1678 1658/1795/1678
f 1614/1767/1679 1613/1764/1679 1644/1793/1679 1645/1796/1679
f 1601/1768/1680 1600/1765/1680 1631/1794/1680 1632/1797/1680
f 1628/1769/1681 1627/1766/1681 1658/1795/1681 1659/1798/1681
f 1615/1770/1682 1614/1767/1682 1645/1796/1682 1646/1799/1682
f 1602/1771/1683 1601/1768/1683 1632/1797/1683 1633/1800/1683
f 1629/1772/1684 1628/1769/1684 1659/1798/1684 1660/1801/1684
f 1616/1773/1685 1615/1770/1685 1646/1799/1685 1647/1802/1685
f 1603/1774/1686 1602/1771/1686 1633/1800/1686 1634/1803/1686
f 1226/1804/1687 1629/1772/1687 1660/1801/1687
f 1617/1776/1688 1616/1773/1688 1647/1802/1688 1648/1805/1688
f 1604/1777/1689 1603/1774/1689 1634/1803/1689 1635/1806/1689
f 1618/1778/1690 1617/1776/1690 1648/1805/1690 1649/1807/1690
f 1605/1746/1691 1604/1777/1691 1635/1806/1691 1636/1808/1691
f 1619/1748/1692 1618/1778/1692 1649/1807/1692 1650/1809/1692
f 1606/1747/1693 1605/1746/1693 1636/1808/1693 1637/1810/1693
f 1620/1749/1694 1619/1748/1694 1650/1809/1694 1651/1811/1694
f 1607/1750/1695 1606/1747/1695 1637/1810/1695 1638/1779/1695
f 1621/1751/1696 1620/1749/1696 1651/1811/1696 1652/1781/1696
f 1641/1785/1697 1640/1783/1697 1671/1812/1697 1672/1813/1697
f 1655/1786/1698 1654/1784/1698 1685/1814/1698 1686/1815/1698
f 1642/1787/1699 1641/1785/1699 1672/1813/1699 1673/1816/1699
f 1656/1788/1700 1655/1786/1700 1686/1815/1700 1687/1817/1700
f 1643/1789/1701 1642/1787/1701 1673/1816/1701 1674/1818/1701
f 1630/1791/1702 1039/1819/1702 1661/1820/1702
f 1657/1792/1703 1656/1788/1703 1687/1817/1703 1688/1821/1703
f 1644/1793/1704 1643/1789/1704 1674/1818/1704 1675/1822/1704
f 1631/1794/1705 1630/1791/1705 1661/1820/1705 1662/1823/1705
f 1658/1795/1706 1657/1792/1706 1688/1821/1706 1689/1824/1706
f 1645/1796/1707 1644/1793/1707 1675/1822/1707 1676/1825/1707
f 1632/1797/1708 1631/1794/1708 1662/1823/1708 1663/1826/1708
f 1659/1798/1709 1658/1795/1709 1689/1824/1709 1690/1827/1709
f 1646/1799/1710 1645/1796/1710 1676/1825/1710 1677/1828/1710
f 1633/1800/1711 1632/1797/1711 1663/1826/1711 1664/1829/1711
f 1660/1801/1712 1659/1798/1712 1690/1827/1712 1691/1830/1712
f 1647/1802/1713 1646/1799/1713 1677/1828/1713 1678/1831/1713
f 1634/1803/1714 1633/1800/1714 1664/1829/1714 1665/1832/1714
f 1226/1833/1715 1660/1801/1715 1691/1830/1715
f 1648/1805/1716 1647/1802/1716 1678/1831/1716 1679/1834/1716
f 1635/1806/1717 1634/1803/1717 1665/1832/1717 1666/1835/1717
f 1649/1807/1718 1648/1805/1718 1679/1834/1718 1680/1836/1718
f 1636/1808/1719 1635/1806/1719 1666/1835/1719 1667/1837/1719
f 1650/1809/1720 1649/1807/1720 1680/1836/1720 1681/1838/1720
f 1637/1810/1721 1636/1808/1721 1667/1837/1721 1668/1839/1721
f 1651/1811/1722 1650/1809/1722 1681/1838/1722 1682/1840/1722
f 1638/1779/1723 1637/1810/1723 1668/1839/1723 1669/1841/1723
f 1652/1781/1724 1651/1811/1724 1682/1840/1724 1683/1842/1724
f 1639/1780/1725 1638/1779/1725 1669/1841/1725 1670/1843/1725
f 1653/1782/1726 1652/1781/1726 1683/1842/1726 1684/1844/1726
f 1640/1783/1727 1639/1780/1727 1670/1843/1727 1671/1812/1727
f 1654/1784/1728 1653/1782/1728 1684/1844/1728 1685/1814/1728
f 1674/1818/1729 1673/1816/1729 1704/1845/1729 1705/1846/1729
f 1661/1820/1730 1039/1847/1730 1692/1848/1730
f 1688/1821/1731 1687/1817/1731 1718/1849/1731 1719/1850/1731
f 1675/1822/1732 1674/1818/1732 1705/1846/1732 1706/1851/1732
f 1662/1823/1733 1661/1820/1733 1692/1848/1733 1693/1852/1733
f 1689/1824/1734 1688/1821/1734 1719/1850/1734 1720/1853/1734
f 1676/1825/1735 1675/1822/1735 1706/1851/1735 1707/1854/1735
f 1663/1826/1736 1662/1823/1736 1693/1852/1736 1694/1855/1736
f 1690/1827/1737 1689/1824/1737 1720/1853/1737 1721/1856/1737
f 1677/1828/1738 1676/1825/1738 1707/1854/1738 1708/1857/1738
f 1664/1829/1739 1663/1826/1739 1694/1855/1739 1695/1858/1739
f 1691/1830/1740 1690/1827/1740 1721/1856/1740 1722/1859/1740
f 1678/1831/1741 1677/1828/1741 1708/1857/1741 1709/1860/1741
f 1665/1832/1742 1664/1829/1742 1695/1858/1742 1696/1861/1742
f 1226/1862/1743 1691/1830/1743 1722/1859/1743
f 1679/1834/1744 1678/1831/1744 1709/1860/1744 1710/1863/1744
f 1666/1835/1745 1665/1832/1745 1696/1861/1745 1697/1864/1745
f 1680/1836/1746 1679/1834/1746 1710/1863/1746 1711/1865/1746
f 1667/1837/1747 1666/1835/1747 1697/1864/1747 1698/1866/1747
f 1681/1838/1748 1680/1836/1748 1711/1865/1748 1712/1867/1748
f 1668/1839/1749 1667/1837/1749 1698/1866/1749 1699/1868/1749
f 1682/1840/1750 1681/1838/1750 1712/1867/1750 1713/1869/1750
f 1669/1841/1751 1668/1839/1751 1699/1868/1751 1700/1870/1751
f 1683/1842/1752 1682/1840/1752 1713/1869/1752 1714/1871/1752
f 1670/1843/1753 1669/1841/1753 1700/1870/1753 1701/1872/1753
f 1684/1844/1754 1683/1842/1754 1714/1871/1754 1715/1873/1754
f 1671/1812/1755 1670/1843/1755 1701/1872/1755 1702/1874/1755
f 1685/1814/1756 1684/1844/1756 1715/1873/1756 1716/1875/1756
f 1672/1813/1757 1671/1812/1757 1702/1874/1757 1703/1876/1757
f 1686/1815/1758 1685/1814/1758 1716/1875/1758 1717/1877/1758
f 1673/1816/1759 1672/1813/1759 1703/1876/1759 1704/1845/1759
f 1687/1817/1760 1686/1815/1760 1717/1877/1760 1718/1849/1760
f 1707/1854/1761 1706/1851/1761 1737/1878/1761 1738/1879/1761
f 1694/1855/1762 1693/1852/1762 1724/1880/1762 1725/1881/1762
f 1721/1856/1763 1720/1853/1763 1751/1882/1763 1752/1883/1763
f 1708/1857/1764 1707/1854/1764 1738/1879/1764 1739/1884/1764
f 1695/1858/1765 1694/1855/1765 1725/1881/1765 1726/1885/1765
f 1722/1859/1766 1721/1856/1766 1752/1883/1766 1753/1886/1766
f 1709/1860/1767 1708/1857/1767 1739/1884/1767 1740/1887/1767
f 1696/1861/1768 1695/1858/1768 1726/1885/1768 1727/1888/1768
f 1226/1889/1769 1722/1859/1769 1753/1886/1769
f 1710/1863/1770 1709/1860/1770 1740/1887/1770 1741/1890/1770
f 1697/1864/1771 1696/1861/1771 1727/1888/1771 1728/1891/1771
f 1711/1865/1772 1710/1863/1772 1741/1890/1772 1742/1892/1772
f 1698/1866/1773 1697/1864/1773 1728/1891/1773 1729/1893/1773
f 1712/1867/1774 1711/1865/1774 1742/1892/1774 1743/1894/1774
f 1699/1868/1775 1698/1866/1775 1729/1893/1775 1730/1895/1775
f 1713/1869/1776 1712/1867/1776 1743/1894/1776 1744/1896/1776
f 1700/1870/1777 1699/1868/1777 1730/1895/1777 1731/1897/1777
f 1714/1871/1778 1713/1869/1778 1744/1896/1778 1745/1898/1778
f 1701/1872/1779 1700/1870/1779 1731/1897/1779 1732/1899/1779
f 1715/1873/1780 1714/1871/1780 1745/1898/1780 1746/1900/1780
f 1702/1874/1781 1701/1872/1781 1732/1899/1781 1733/1901/1781
f 1716/1875/1782 1715/1873/1782 1746/1900/1782 1747/1902/1782
f 1703/1876/1783 1702/1874/1783 1733/1901/1783 1734/1903/1783
f 1717/1877/1784 1716/1875/1784 1747/1902/1784 1748/1904/1784
f 1704/1845/1785 1703/1876/1785 1734/1903/1785 1735/1905/1785
f 1718/1849/1786 1717/1877/1786 1748/1904/1786 1749/1906/1786
f 1705/1846/1787 1704/1845/1787 1735/1905/1787 1736/1907/1787
f 1692/1848/1788 1039/1908/1788 1723/1909/1788
f 1719/1850/1789 1718/1849/1789 1749/1906/1789 1750/1910/1789
f 1706/1851/1790 1705/1846/1790 1736/1907/1790 1737/1878/1790
f 1693/1852/1791 1692/1848/1791 1723/1909/1791 1724/1880/1791
f 1720/1853/1792 1719/1850/1792 1750/1910/1792 1751/1882/1792
f 1740/1887/1793 1739/1884/1793 1770/1911/1793 1771/1912/1793
f 1727/1888/1794 1726/1885/1794 1757/1913/1794 1758/1914/1794
f 1226/1915/1795 1753/1886/1795 1784/1916/1795
f 1741/1890/1796 1740/1887/1796 1771/1912/1796 1772/1917/1796
f 1728/1891/1797 1727/1888/1797 1758/1914/1797 1759/1918/1797
f 1742/1892/1798 1741/1890/1798 1772/1917/1798 1773/1919/1798
f 1729/1893/1799 1728/1891/1799 1759/1918/1799 1760/1920/1799
f 1743/1894/1800 1742/1892/1800 1773/1919/1800 1774/1921/1800
f 1730/1895/1801 1729/1893/1801 1760/1920/1801 1761/1922/1801
f 1744/1896/1802 1743/1894/1802 1774/1921/1802 1775/1923/1802
f 1731/1897/1803 1730/1895/1803 1761/1922/1803 1762/1924/1803
f 1745/1898/1804 1744/1896/1804 1775/1923/1804 1776/1925/1804
f 1732/1899/1805 1731/1897/1805 1762/1924/1805 1763/1926/1805
f 1746/1900/1806 1745/1898/1806 1776/1925/1806 1777/1927/1806
f 1733/1901/1807 1732/1899/1807 1763/1926/1807 1764/1928/1807
f 1747/1902/1808 1746/1900/1808 1777/1927/1808 1778/1929/1808
f 1734/1903/1809 1733/1901/1809 1764/1928/1809 1765/1930/1809
f 1748/1904/1810 1747/1902/1810 1778/1929/1810 1779/1931/1810
f 1735/1905/1811 1734/1903/1811 1765/1930/1811 1766/1932/1811
f 1749/1906/1812 1748/1904/1812 1779/1931/1812 1780/1933/1812
f 1736/1907/1813 1735/1905/1813 1766/1932/1813 1767/1934/1813
f 1723/1909/1814 1039/1935/1814 1754/1936/1814
f 1750/1910/1815 1749/1906/1815 1780/1933/1815 1781/1937/1815
f 1737/1878/1816 1736/1907/1816 1767/1934/1816 1768/1938/1816
f 1724/1880/1817 1723/1909/1817 1754/1936/1817 1755/1939/1817
f 1751/1882/1818 1750/1910/1818 1781/1937/1818 1782/1940/1818
f 1738/1879/1819 1737/1878/1819 1768/1938/1819 1769/1941/1819
f 1725/1881/1820 1724/1880/1820 1755/1939/1820 1756/1942/1820
f 1752/1883/1821 1751/1882/1821 1782/1940/1821 1783/1943/1821
f 1739/1884/1822 1738/1879/1822 1769/1941/1822 1770/1911/1822
f 1726/1885/1823 1725/1881/1823 1756/1942/1823 1757/1913/1823
f 1753/1886/1824 1752/1883/1824 1783/1943/1824 1784/1916/1824
f 1773/1919/1825 1772/1917/1825 1803/1944/1825 1804/1945/1825
f 1760/1920/1826 1759/1918/1826 1790/1946/1826 1791/1947/1826
f 1774/1921/1827 1773/1919/1827 1804/1945/1827 1805/1948/1827
f 1761/1922/1828 1760/1920/1828 1791/1947/1828 1792/1949/1828
f 1775/1923/1829 1774/1921/1829 1805/1948/1829 1806/1950/1829
f 1762/1924/1830 1761/1922/1830 1792/1949/1830 1793/1951/1830
f 1776/1925/1831 1775/1923/1831 1806/1950/1831 1807/1952/1831
f 1763/1926/1832 1762/1924/1832 1793/1951/1832 1794/1953/1832
f 1777/1927/1833 1776/1925/1833 1807/1952/1833 1808/1954/1833
f 1764/1928/1834 1763/1926/1834 1794/1953/1834 1795/1955/1834
f 1778/1929/1835 1777/1927/1835 1808/1954/1835 1809/1956/1835
f 1765/1930/1836 1764/1928/1836 1795/1955/1836 1796/1957/1836
f 1779/1931/1837 1778/1929/1837 1809/1956/1837 1810/1958/1837
f 1766/1932/1838 1765/1930/1838 1796/1957/1838 1797/1959/1838
f 1780/1933/1839 1779/1931/1839 1810/1958/1839 1811/1960/1839
f 1767/1934/1840 1766/1932/1840 1797/1959/1840 1798/1961/1840
f 1754/1936/1841 1039/1962/1841 1785/1963/1841
f 1781/1937/1842 1780/1933/1842 1811/1960/1842 1812/1964/1842
f 1768/1938/1843 1767/1934/1843 1798/1961/1843 1799/1965/1843
f 1755/1939/1844 1754/1936/1844 1785/1963/1844 1786/1966/1844
f 1782/1940/1845 1781/1937/1845 1812/1964/1845 1813/1967/1845
f 1769/1941/1846 1768/1938/1846 1799/1965/1846 1800/1968/1846
f 1756/1942/1847 1755/1939/1847 1786/1966/1847 1787/1969/1847
f 1783/1943/1848 1782/1940/1848 1813/1967/1848 1814/1970/1848
f 1770/1911/1849 1769/1941/1849 1800/1968/1849 1801/1971/1849
f 1757/1913/1850 1756/1942/1850 1787/1969/1850 1788/1972/1850
f 1784/1916/1851 1783/1943/1851 1814/1970/1851 1815/1973/1851
f 1771/1912/1852 1770/1911/1852 1801/1971/1852 1802/1974/1852
f 1758/1914/1853 1757/1913/1853 1788/1972/1853 1789/1975/1853
f 1226/1976/1854 1784/1916/1854 1815/1973/1854
f 1772/1917/1855 1771/1912/1855 1802/1974/1855 1803/1944/1855
f 1759/1918/1856 1758/1914/1856 1789/1975/1856 1790/1946/1856
f 1806/1950/1857 1805/1948/1857 1836/1977/1857 1837/1978/1857
f 1793/1951/1858 1792/1949/1858 1823/1979/1858 1824/1980/1858
f 1807/1952/1859 1806/1950/1859 1837/1978/1859 1838/1981/1859
f 1794/1953/1860 1793/1951/1860 1824/1980/1860 1825/1982/1860
f 1808/1954/1861 1807/1952/1861 1838/1981/1861 1839/1983/1861
f 1795/1955/1862 1794/1953/1862 1825/1982/1862 1826/1984/1862
f 1809/1956/1863 1808/1954/1863 1839/1983/1863 1840/1985/1863
f 1796/1957/1864 1795/1955/1864 1826/1984/1864 1827/1986/1864
f 1810/1958/1865 1809/1956/1865 1840/1985/1865 1841/1987/1865
f 1797/1959/1866 1796/1957/1866 1827/1986/1866 1828/1988/1866
f 1811/1960/1867 1810/1958/1867 1841/1987/1867 1842/1989/1867
f 1798/1961/1868 1797/1959/1868 1828/1988/1868 1829/1990/1868
f 1785/1963/1869 1039/1991/1869 1816/1992/1869
f 1812/1964/1870 1811/1960/1870 1842/1989/1870 1843/1993/1870
f 1799/1965/1871 1798/1961/1871 1829/1990/1871 1830/1994/1871
f 1786/1966/1872 1785/1963/1872 1816/1992/1872 1817/1995/1872
f 1813/1967/1873 1812/1964/1873 1843/1993/1873 1844/1996/1873
f 1800/1968/1874 1799/1965/1874 1830/1994/1874 1831/1997/1874
f 1787/1969/1875 1786/1966/1875 1817/1995/1875 1818/1998/1875
f 1814/1970/1876 1813/1967/1876 1844/1996/1876 1845/1999/1876
f 1801/1971/1877 1800/1968/1877 1831/1997/1877 1832/2000/1877
f 1788/1972/1878 1787/1969/1878 1818/1998/1878 1819/2001/1878
f 1815/1973/1879 1814/1970/1879 1845/1999/1879 1846/2002/1879
f 1802/1974/1880 1801/1971/1880 1832/2000/1880 1833/2003/1880
f 1789/1975/1881 1788/1972/1881 1819/2001/1881 1820/2004/1881
f 1226/2005/1882 1815/1973/1882 1846/2002/1882
f 1803/1944/1883 1802/1974/1883 1833/2003/1883 1834/2006/1883
f 1790/1946/1884 1789/1975/1884 1820/2004/1884 1821/2007/1884
f 1804/1945/1885 1803/1944/1885 1834/2006/1885 1835/2008/1885
f 1791/1947/1886 1790/1946/1886 1821/2007/1886 1822/2009/1886
f 1805/1948/1887 1804/1945/1887 1835/2008/1887 1836/1977/1887
f 1792/1949/1888 1791/1947/1888 1822/2009/1888 1823/1979/1888
f 1839/1983/1889 1838/1981/1889 1869/2010/1889 1870/2011/1889
f 1826/1984/1890 1825/1982/1890 1856/2012/1890 1857/2013/1890
f 1840/1985/1891 1839/1983/1891 1870/2011/1891 1871/2014/1891
f 1827/1986/1892 1826/1984/1892 1857/2013/1892 1858/2015/1892
f 1841/1987/1893 1840/1985/1893 1871/2014/1893 1872/2016/1893
f 1828/1988/1894 1827/1986/1894 1858/2015/1894 1859/2017/1894
f 1842/1989/1895 1841/1987/1895 1872/2016/1895 1873/2018/1895
f 1829/1990/1896 1828/1988/1896 1859/2017/1896 1860/2019/1896
f 1816/1992/1897 1039/2020/1897 1847/2021/1897
f 1843/1993/1898 1842/1989/1898 1873/2018/1898 1874/2022/1898
f 1830/1994/1899 1829/1990/1899 1860/2019/1899 1861/2023/1899
f 1817/1995/1900 1816/1992/1900 1847/2021/1900 1848/2024/1900
f 1844/1996/1901 1843/1993/1901 1874/2022/1901 1875/2025/1901
f 1831/1997/1902 1830/1994/1902 1861/2023/1902 1862/2026/1902
f 1818/1998/1903 1817/1995/1903 1848/2024/1903 1849/2027/1903
f 1845/1999/1904 1844/1996/1904 1875/2025/1904 1876/2028/1904
f 1832/2000/1905 1831/1997/1905 1862/2026/1905 1863/2029/1905
f 1819/2001/1906 1818/1998/1906 1849/2027/1906 1850/2030/1906
f 1846/2002/1907 1845/1999/1907 1876/2028/1907 1877/2031/1907
f 1833/2003/1908 1832/2000/1908 1863/2029/1908 1864/2032/1908
f 1820/2004/1909 1819/2001/1909 1850/2030/1909 1851/2033/1909
f 1226/2034/1910 1846/2002/1910 1877/2031/1910
f 1834/2006/1911 1833/2003/1911 1864/2032/1911 1865/2035/1911
f 1821/2007/1912 1820/2004/1912 1851/2033/1912 1852/2036/1912
f 1835/2008/1913 1834/2006/1913 1865/2035/1913 1866/2037/1913
f 1822/2009/1914 1821/2007/1914 1852/2036/1914 1853/2038/1914
f 1836/1977/1915 1835/2008/1915 1866/2037/1915 1867/2039/1915
f 1823/1979/1916 1822/2009/1916 1853/2038/1916 1854/2040/1916
f 1837/1978/1917 1836/1977/1917 1867/2039/1917 1868/2041/1917
f 1824/1980/1918 1823/1979/1918 1854/2040/1918 1855/2042/1918
f 1838/1981/1919 1837/1978/1919 1868/2041/1919 1869/2010/1919
f 1825/1982/1920 1824/1980/1920 1855/2042/1920 1856/2012/1920
f 1872/2016/1921 1871/2014/1921 1902/2043/1921 1903/2044/1921
f 1859/2017/1922 1858/2015/1922 1889/2045/1922 1890/2046/1922
f 1873/2018/1923 1872/2016/1923 1903/2044/1923 1904/2047/1923
f 1860/2019/1924 1859/2017/1924 1890/2046/1924 1891/2048/1924
f 1847/2021/1925 1039/2049/1925 1878/2050/1925
f 1874/2022/1926 1873/2018/1926 1904/2047/1926 1905/2051/1926
f 1861/2023/1927 1860/2019/1927 1891/2048/1927 1892/2052/1927
f 1848/2024/1928 1847/2021/1928 1878/2050/1928 1879/2053/1928
f 1875/2025/1929 1874/2022/1929 1905/2051/1929 1906/2054/1929
f 1862/2026/1930 1861/2023/1930 1892/2052/1930 1893/2055/1930
f 1849/2027/1931 1848/2024/1931 1879/2053/1931 1880/2056/1931
f 1876/2028/1932 1875/2025/1932 1906/2054/1932 1907/2057/1932
f 1863/2029/1933 1862/2026/1933 1893/2055/1933 1894/2058/1933
f 1850/2030/1934 1849/2027/1934 1880/2056/1934 1881/2059/1934
f 1877/2031/1935 1876/2028/1935 1907/2057/1935 1908/2060/1935
f 1864/2032/1936 1863/2029/1936 1894/2058/1936 1895/2061/1936
f 1851/2033/1937 1850/2030/1937 1881/2059/1937 1882/2062/1937
f 1226/2063/1938 1877/2031/1938 1908/2060/1938
f 1865/2035/1939 1864/2032/1939 1895/2061/1939 1896/2064/1939
f 1852/2036/1940 1851/2033/1940 1882/2062/1940 1883/2065/1940
f 1866/2037/1941 1865/2035/1941 1896/2064/1941 1897/2066/1941
f 1853/2038/1942 1852/2036/1942 1883/2065/1942 1884/2067/1942
f 1867/2039/1943 1866/2037/1943 1897/2066/1943 1898/2068/1943
f 1854/2040/1944 1853/2038/1944 1884/2067/1944 1885/2069/1944
f 1868/2041/1945 1867/2039/1945 1898/2068/1945 1899/2070/1945
f 1855/2042/1946 1854/2040/1946 1885/2069/1946 1886/2071/1946
f 1869/2010/1947 1868/2041/1947 1899/2070/1947 1900/2072/1947
f 1856/2012/1948 1855/2042/1948 1886/2071/1948 1887/2073/1948
f 1870/2011/1949 1869/2010/1949 1900/2072/1949 1901/2074/1949
f 1857/2013/1950 1856/2012/1950 1887/2073/1950 1888/2075/1950
f 1871/2014/1951 1870/2011/1951 1901/2074/1951 1902/2043/1951
f 1858/2015/1952 1857/2013/1952 1888/2075/1952 1889/2045/1952
f 1905/2051/1953 1904/2047/1953 1935/2076/1953 1936/2077/1953
f 1892/2052/1954 1891/2048/1954 1922/2078/1954 1923/2079/1954
f 1879/2053/1955 1878/2050/1955 1909/2080/1955 1910/2081/1955
f 1906/2054/1956 1905/2051/1956 1936/2077/1956 1937/2082/1956
f 1893/2055/1957 1892/2052/1957 1923/2079/1957 1924/2083/1957
f 1880/2056/1958 1879/2053/1958 1910/2081/1958 1911/2084/1958
f 1907/2057/1959 1906/2054/1959 1937/2082/1959 1938/2085/1959
f 1894/2058/1960 1893/2055/1960 1924/2083/1960 1925/2086/1960
f 1881/2059/1961 1880/2056/1961 1911/2084/1961 1912/2087/1961
f 1908/2060/1962 1907/2057/1962 1938/2085/1962 1939/2088/1962
f 1895/2061/1963 1894/2058/1963 1925/2086/1963 1926/2089/1963
f 1882/2062/1964 1881/2059/1964 1912/2087/1964 1913/2090/1964
f 1226/2091/1965 1908/2060/1965 1939/2088/1965
f 1896/2064/1966 1895/2061/1966 1926/2089/1966 1927/2092/1966
f 1883/2065/1967 1882/2062/1967 1913/2090/1967 1914/2093/1967
f 1897/2066/1968 1896/2064/1968 1927/2092/1968 1928/2094/1968
f 1884/2067/1969 1883/2065/1969 1914/2093/1969 1915/2095/1969
f 1898/2068/1970 1897/2066/1970 1928/2094/1970 1929/2096/1970
f 1885/2069/1971 1884/2067/1971 1915/2095/1971 1916/2097/1971
f 1899/2070/1972 1898/2068/1972 1929/2096/1972 1930/2098/1972
f 1886/2071/1973 1885/2069/1973 1916/2097/1973 1917/2099/1973
f 1900/2072/1974 1899/2070/1974 1930/2098/1974 1931/2100/1974
f 1887/2073/1975 1886/2071/1975 1917/2099/1975 1918/2101/1975
f 1901/2074/1976 1900/2072/1976 1931/2100/1976 1932/2102/1976
f 1888/2075/1977 1887/2073/1977 1918/2101/1977 1919/2103/1977
f 1902/2043/1978 1901/2074/1978 1932/2102/1978 1933/2104/1978
f 1889/2045/1979 1888/2075/1979 1919/2103/1979 1920/2105/1979
f 1903/2044/1980 1902/2043/1980 1933/2104/1980 1934/2106/1980
f 1890/2046/1981 1889/2045/1981 1920/2105/1981 1921/2107/1981
f 1904/2047/1982 1903/2044/1982 1934/2106/1982 1935/2076/1982
f 1891/2048/1983 1890/2046/1983 1921/2107/1983 1922/2078/1983
f 1878/2050/1984 1039/2108/1984 1909/2080/1984
f 1938/2085/1985 1937/2082/1985 1968/2109/1985 1969/2110/1985
f 1925/2086/1986 1924/2083/1986 1955/2111/1986 1956/2112/1986
f 1912/2087/1987 1911/2084/1987 1942/2113/1987 1943/2114/1987
f 1939/2088/1988 1938/2085/1988 1969/2110/1988 1970/2115/1988
f 1926/2089/1989 1925/2086/1989 1956/2112/1989 1957/2116/1989
f 1913/2090/1990 1912/2087/1990 1943/2114/1990 1944/2117/1990
f 1226/2118/1991 1939/2088/1991 1970/2115/1991
f 1927/2092/1992 1926/2089/1992 1957/2116/1992 1958/2119/1992
f 1914/2093/1993 1913/2090/1993 1944/2117/1993 1945/2120/1993
f 1928/2094/1994 1927/2092/1994 1958/2119/1994 1959/2121/1994
f 1915/2095/1995 1914/2093/1995 1945/2120/1995 1946/2122/1995
f 1929/2096/1996 1928/2094/1996 1959/2121/1996 1960/2123/1996
f 1916/2097/1997 1915/2095/1997 1946/2122/1997 1947/2124/1997
f 1930/2098/1998 1929/2096/1998 1960/2123/1998 1961/2125/1998
f 1917/2099/1999 1916/2097/1999 1947/2124/1999 1948/2126/1999
f 1931/2100/2000 1930/2098/2000 1961/2125/2000 1962/2127/2000
f 1918/2101/2001 1917/2099/2001 1948/2126/2001 1949/2128/2001
f 1932/2102/2002 1931/2100/2002 1962/2127/2002 1963/2129/2002
f 1919/2103/2003 1918/2101/2003 1949/2128/2003 1950/2130/2003
f 1933/2104/2004 1932/2102/2004 1963/2129/2004 1964/2131/2004
f 1920/2105/2005 1919/2103/2005 1950/2130/2005 1951/2132/2005
f 1934/2106/2006 1933/2104/2006 1964/2131/2006 1965/2133/2006
f 1921/2107/2007 1920/2105/2007 1951/2132/2007 1952/2134/2007
f 1935/2076/2008 1934/2106/2008 1965/2133/2008 1966/2135/2008
f 1922/2078/2009 1921/2107/2009 1952/2134/2009 1953/2136/2009
f 1909/2080/2010 1039/2137/2010 1940/2138/2010
f 1936/2077/2011 1935/2076/2011 1966/2135/2011 1967/2139/2011
f 1923/2079/2012 1922/2078/2012 1953/2136/2012 1954/2140/2012
f 1910/2081/2013 1909/2080/2013 1940/2138/2013 1941/2141/2013
f 1937/2082/2014 1936/2077/2014 1967/2139/2014 1968/2109/2014
f 1924/2083/2015 1923/2079/2015 1954/2140/2015 1955/2111/2015
f 1911/2084/2016 1910/2081/2016 1941/2141/2016 1942/2113/2016
f 1226/2142/2017 1970/2115/2017 15/28/2017
f 1958/2119/2018 1957/2116/2018 1978/30/2018 11/35/2018
f 1945/2120/2019 1944/2117/2019 4/32/2019 1972/37/2019
f 1959/2121/2020 1958/2119/2020 11/35/2020 12/39/2020
f 1946/2122/2021 1945/2120/2021 1972/37/2021 1973/41/2021
f 1960/2123/2022 1959/2121/2022 12/39/2022 13/43/2022
f 1947/2124/2023 1946/2122/2023 1973/41/2023 1974/45/2023
f 1961/2125/2024 1960/2123/2024 13/43/2024 1979/47/2024
f 1948/2126/2025 1947/2124/2025 1974/45/2025 1975/49/2025
f 1962/2127/2026 1961/2125/2026 1979/47/2026 1980/51/2026
f 1949/2128/2027 1948/2126/2027 1975/49/2027 1976/53/2027
f 1963/2129/2028 1962/2127/2028 1980/51/2028 1981/55/2028
f 1950/2130/2029 1949/2128/2029 1976/53/2029 5/57/2029
f 1964/2131/2030 1963/2129/2030 1981/55/2030 1982/59/2030
f 1951/2132/2031 1950/2130/2031 5/57/2031 6/61/2031
f 1965/2133/2032 1964/2131/2032 1982/59/2032 1983/63/2032
f 1952/2134/2033 1951/2132/2033 6/61/2033 7/2/2033
f 1966/2135/2034 1965/2133/2034 1983/63/2034 1984/9/2034
f 1953/2136/2035 1952/2134/2035 7/2/2035 1977/1/2035
f 1940/2138/2036 1039/2143/2036 1/5/2036
f 1967/2139/2037 1966/2135/2037 1984/9/2037 1985/8/2037
f 1954/2140/2038 1953/2136/2038 1977/1/2038 8/12/2038
f 1941/2141/2039 1940/2138/2039 1/5/2039 2/14/2039
f 1968/2109/2040 1967/2139/2040 1985/8/2040 14/16/2040
f 1955/2111/2041 1954/2140/2041 8/12/2041 9/18/2041
f 1942/2113/2042 1941/2141/2042 2/14/2042 3/20/2042
f 1969/2110/2043 1968/2109/2043 14/16/2043 1986/22/2043
f 1956/2112/2044 1955/2111/2044 9/18/2044 10/24/2044
f 1943/2114/2045 1942/2113/2045 3/20/2045 1971/26/2045
f 1970/2115/2046 1969/2110/2046 1986/22/2046 15/28/2046
f 1957/2116/2047 1956/2112/2047 10/24/2047 1978/30/2047
f 1944/2117/2048 1943/2114/2048 1971/26/2048 4/32/2048
